"Item","2003-01-01+Sum(Export Value)","2022-01-01+Sum(Export Value)","2023-01-01+Sum(Export Value)","2007-01-01+Sum(Export Value)","2008-01-01+Sum(Export Value)","2018-01-01+Sum(Export Value)","2021-01-01+Sum(Export Value)","2017-01-01+Sum(Export Value)","1986-01-01+Sum(Export Value)","1987-01-01+Sum(Export Value)","1988-01-01+Sum(Export Value)","1989-01-01+Sum(Export Value)","1992-01-01+Sum(Export Value)","1997-01-01+Sum(Export Value)","1998-01-01+Sum(Export Value)","2002-01-01+Sum(Export Value)","2009-01-01+Sum(Export Value)","2010-01-01+Sum(Export Value)","2011-01-01+Sum(Export Value)","2013-01-01+Sum(Export Value)","2019-01-01+Sum(Export Value)","2020-01-01+Sum(Export Value)","2015-01-01+Sum(Export Value)","2024-01-01+Sum(Export Value)","2001-01-01+Sum(Export Value)","2014-01-01+Sum(Export Value)","2016-01-01+Sum(Export Value)","1993-01-01+Sum(Export Value)","Cluster","PCA dimension 0"
"Almonds, in shell",0,0,0,0,0,0,0,0,0,0,0,0,0,0,0,0,0,0,0,0,0,0,0,0,0,0,0,0,"cluster_0",0.026271474356118915
"Almonds, shelled",0.001367998579787734,0,0,0,0,0.000002030803223290876,0,0,0,0,0,0,0,0,0,0,0,0,0,0,0,0,0,0,0,0,0,0,"cluster_0",0.025999263935763944
"Animal or vegetable fats and oils and their fractions, chemically modified, except those hydrogenated, inter-esterified, re-esterified or elaidinized; inedible mixtures or preparations of animal or vegetable fats or oils",0,0,0,0,0,0.000018277229009617884,0.000026820916738934138,0,0,0,0,0,0,0,0,0,0,0,0,0,0,0,0,0,0,0,0,0,"cluster_0",0.026262754233751733
"Anise, badian, coriander, cumin, caraway, fennel and juniper berries, raw",0.000003480912416762682,0.00006869833823626831,0,0.000011834095449080255,0.00006963055048894234,0.000002030803223290876,0,0,0.00005405892422740787,0.0001567387437730423,0.00011800570360900777,0.0000776644191054471,0,0.00006801872782306062,0.00020135241706797322,0,0.000009223366212437841,0.00016687526074259492,0.00003871419596774052,0.000012698320556404127,0.0000020064930113848417,0,0,0,0,0,0,0,"cluster_0",0.02606774007282434
"Apple juice, concentrated",0,0,0,0,0,0,0,0,0,0,0,0,0,0,0,0,0,0,0,0,0,0.00005363080553469913,0,0,0,0,0,0,"cluster_0",0.02626103595921902
"Areca nuts",0,0,0.00001788828764366531,0,0,0,0,0,0,0,0,0,0,0,0,0,0,0,0,0,0,0,0,0,0,0,0,0,"cluster_0",0.026268032049469973
"Asparagus",0,0,0,0,0,0,0,0,0,0,0,0,0.00003155790876257933,0,0,0,0,0,0,0,0,0,0,0,0,0,0,0,"cluster_0",0.026265532621006882
"Avocados",0,0,0,0,0,0,0,0,0,0,0,0,0,0,0,0,0,0,0,0,0,0,0,0,0,0,0,0,"cluster_0",0.026271474356118915
"Bagasse",0,0,0,0.000033135467257424715,0,0,0,0,0,0,0,0,0,0.000008502340977882578,0,0,0,0,0,0,0,0,0,0,0,0,0,0,"cluster_0",0.02626349721090926
"Balata, gutta-percha, guayule, chicle and similar natural gums in primary forms or in plates, sheets or strip",0,0,0,0,0,0,0,0,0,0,0,0,0,0,0.00032719767773545645,0,0,0,0,0,0,0,0,0,0,0,0,0,"cluster_0",0.026209600346546225
"Bambara beans, dry",0,0.0010672777547420255,0.001312553105853942,0,0,0.0008529373537821679,0.004796473943479388,0.0000018965795188377762,0,0,0,0,0,0,0,0,0,0,0,0.00005623541960693256,0.001518915209618325,0.00029253166655290435,0.000002019696076134463,0.0006198844170189003,0,0,0,0,"cluster_0",0.024236078749998665
"Bananas",0,0,0.000002236035955458164,0,0,0,0,0,0,0,0,0,0,0,0,0,0,0,0,0,0,0,0,0.000001756046507135695,0,0,0,0,"cluster_0",0.026270712626130125
"Barley",0,0,0,0,0,0,0,0,0,0,0,0,0,0,0.000013982806740831473,0,0,0,0,0,0,0,0,0,0,0,0,0,"cluster_0",0.026268830167675637
"Beans, dry",0.0009328845276923988,0.006783960900831496,0.03711148875273914,0.0015171310365720886,0.0032981104646225856,0.04486856641538861,0.015176168721446899,0.004635240344039525,0,0,0,0,0.00004207721168343911,0.0025988822255727743,0.0027406301212029686,0.0014281474089018322,0.021319152188177752,0.007657974294351958,0.013905435297140252,0.009126464388467023,0.00487778451067655,0.005743371719988689,0.0029487562711563164,0.0069697485868215735,0.0017921286592540069,0.0072871112445804164,0.002157441126035479,0,"cluster_0",-0.013105845166769567
"Beef and veal preparations nes",0,0,0,0,0,0,0.000002235076394911178,0,0,0,0,0,0,0,0,0,0,0,0,0.000005442137381316054,0,0,0,0,0,0,0,0,"cluster_0",0.026269982227241296
"Beer of barley, malted",0.00001740456208381341,0,0,0.00002366819089816051,0.00002037967331383678,0,0.000004470152789822356,0,0.00019821605550049553,0,0.000340905365981578,0.0005577717372118473,0.00035765629930923243,0.000042511704889412885,0.000027965613481662945,0.00005161978586392164,0,0.000001142981237962979,0,0.0025777590729500377,0.0000020064930113848417,0.00000243776388794087,0.001852061301815303,0,0.00006623084175503939,0.0005818427523039097,0.0010973191934145969,0,"cluster_0",0.024760874299340166
"Beeswax",0,0,0,0,0,0.000008123212893163503,0,0,0,0,0,0,0,0,0,0,0,0,0,0,0,0,0,0,0,0,0,0,"cluster_0",0.026269919808690298
"Bovine meat, salted, dried or smoked",0,0,0,0,0,0,0,0,0,0,0,0,0,0,0,0,0,0,0,0,0,0,0,0,0,0,0,0,"cluster_0",0.026271474356118915
"Bran of cereals n.e.c.",0.000006961824833525364,0.0023038478429948553,0.0014578954429587227,0.0002366819089816051,0.0009153869930131687,0.0014621783207694307,0.00396502552457243,0.00040017827847477075,0.00001801964140913596,0,0.00011144983118628512,0,0,0,0,0,0.0000289877223819475,0,0.00008974654519794392,0.003909268685578699,0.0035113627699234727,0.00311058672101255,0.009452177636309287,0.0017402420885714736,0,0.006345527005636993,0.0005951561726994424,0,"cluster_0",0.018625254707804944
"Bran of maize",0.0002680302560907265,0.0037661410425954235,0.0015808774205089218,0.0005301674761187954,0.000025474591642295974,0.0001259097998440343,0.0011085978918759442,0.000127070827762131,0,0,0,0,0,0.00036276654838965664,0.000047541542918827006,0.00018927254816771268,0,0.00004457626828055618,0.0005807129395161078,0.0006766390810769628,0.00005618180431877556,0.0000073132916638226095,0,0.0020879392969843412,0,0.0006162528075476893,0.00001487890431748606,0,"cluster_0",0.023921696865429345
"Bran of pulses",0,0,0.00005590089888645409,0.0009916971986329254,0,0,0.000002235076394911178,0,0,0,0,0,0,0,0,0,0,0,0.00004751287686949972,0.000014512366350176145,0,0.00000243776388794087,0.000014137872532941242,0,0,0,0.000009299315198428788,0,"cluster_0",0.026052417974706827
"Bran of rice",0,0,0,0.001860319804595416,0,0,0,0,0,0,0,0,0,0.00009069163709741416,0.00013423494471198215,0,0,0,0,0,0,0,0,0,0,0,0,0,"cluster_0",0.025871285654617802
"Bran of wheat",0,0.0010157540010648242,0.0016569026429944993,0.002123036723564998,0.0012210820927207205,0.009362002859370938,0.003703521586367822,0.002624866054071482,0,0,0,0,0,0.0012583464647266214,0.0000531346656151596,0,0.00028987722381947496,0.0007509386733416772,0.0026677600494133917,0.007036683634041658,0.003302687496739449,0.0019745887492321045,0.005830862571800196,0.0031749320849013365,0.0011804673559868786,0.00492689427354117,0.0051332219895326905,0,"cluster_0",0.014865763606822159
"Brazil nuts, shelled",0,0,0,0,0,0,0,0,0,0,0,0,0,0,0,0,0,0,0,0,0,0,0.000002019696076134463,0,0,0,0,0,"cluster_0",0.02627108427716023
"Bread",0,0.000024535120798667254,0,0,0,0,0,0,0,0,0,0,0,0,0,0,0,0,0.0034614010667520724,0,0,0,0,0,0,0,0.0000018598630396857575,0,"cluster_0",0.025582022676274626
"Breakfast cereals",0,0.001106533948019893,0.0008250972675640624,0,0.00001018983665691839,0.000002030803223290876,0.00022574271588602897,0.0000018965795188377762,0.00000900982070456798,0,0,0,0.000014025737227813036,0,0.0000027965613481662946,0.00029681376871754946,0,0,0.00006862971103372182,0.0000018140457937720181,0.000018058437102463574,0.000012188819439704349,0.00005655149013176497,0.00029677185970593246,0.0013635761537802227,0.0000297177749832642,0,0,"cluster_0",0.025435709921461956
"Brewing or distilling dregs and waste",0,0,0,0,0,0,0,0,0,0,0,0,0,0.0000368434775708245,0,0,0,0.000005714906189814894,0.000040473932148092354,0,0,0,0,0,0,0,0,0,"cluster_0",0.026255420020584862
"Broad beans and horse beans, dry",0,0,0,0,0,0,0.002313304068733069,0,0,0,0,0,0,0,0,0,0,0,0.00008270760047653656,0.00003446687008166834,0,0.0001852700554835061,0.0001696544703952949,0,0,0,0,0,"cluster_0",0.02572917030286124
"Broad beans and horse beans, green",0,0.00003189565703826743,0,0,0.0000016983061094863982,0,0,0,0,0,0,0,0.00018934745257547598,0,0.0008893065087168816,0,0.00003294059361584943,0,0.00017597361803518415,0,0,0.0000073132916638226095,0,0,0,0,0,0,"cluster_0",0.026018734786438374
"Buckwheat",0,0,0,0,0,0,0,0,0,0,0,0,0,0,0,0,0.00002371722740341159,0,0,0,0,0,0,0,0,0,0,0,"cluster_0",0.02626698464888774
"Butter of cow milk",0,0,0,0,0.00005264748939407835,0.000002030803223290876,0,0.000026552113263728867,0,0,0,0,0,0,0,0,0.0003135944512228866,0.00012115601122407576,0.0000052792085410555244,0,0,0.00000243776388794087,0,0,0,0,0,0,"cluster_0",0.026172142681127022
"Buttermilk, curdled and acidified milk",0,0,0,0,0.00001018983665691839,0.000004061606446581752,0,0.0000037931590376755523,0,0,0,0,0,0,0,0,0,0.000018287699807407663,0,0,0.0000020064930113848417,0,0,0,0,0,0,0,"cluster_0",0.026264182370708787
"Cabbages",0,0,0.000008944143821832655,0,0,0,0.0000067052291847335345,0,0,0,0,0,0,0,0,0.00000430164882199347,0,0,0,0.0000036280915875440363,0,0.00000243776388794087,0,0.00000702418602854278,0.000003895931867943494,0,0,0,"cluster_0",0.026264368277651013
"Cake of cottonseed",0.00016012197117108338,0,0,0.0003124201198557187,0.0003141866302549837,0.0005056700025994281,0,0.0006429404568860061,0.006604198576448329,0.0006814727990132275,0.0014685154226898745,0.0026335298478483427,0.0025807356499175987,0.0016069424448198072,0.0007047334597379062,0,0.0008801726614154967,0.0002445979849240775,0.0010083288313416053,0.007484752945103346,0.00045346742057297417,0.00006338186108646261,0.03067716370040636,0,0.003529714272356805,0.010872013363614182,0.01417773595152453,0,"cluster_0",0.009375371409295454
"Cake of groundnuts",0,0,0,0,0,0,0,0,0.0006937561942517344,0,0.0022093290064575345,0.0009319730292653652,0,0,0.00001957592943716406,0,0,0,0,0,0,0,0,0,0,0,0,0,"cluster_0",0.025520717738693025
"Cake of linseed",0,0,0,0.000033135467257424715,0,0,0,0,0,0,0,0,0,0.000014170568296470963,0,0,0,0,0,0,0,0,0,0,0,0,0,0,"cluster_0",0.026262426244165228
"Cake of maize",0,0,0,0,0,0,0,0,0,0,0,0,0,0,0,0,0,0,0,0,0,0,0,0,0,0,0,0,"cluster_0",0.026271474356118915
"Cake of palm kernel",0,0,0,0,0,0,0,0,0,0,0,0,0,0,0,0,0,0,0.0001654152009530731,0,0,0,0,0,0,0,0,0,"cluster_0",0.02623876951104669
"Cake of rapeseed",0,0,0,0.00002366819089816051,0.00008151869325534712,0,0,0,0,0,0,0,0,0,0,0,0.000003952871233901932,0.000059435024374074905,0.000028155778885629466,0.00011428488500763714,0,0,0.000002019696076134463,0.00000351209301427139,0,0,0,0,"cluster_0",0.026210692907877926
"Cake of soya beans",0,0.0625498369641223,0.10936004650954786,0.0002934855671371903,0.00015454585596326226,0.06151709123992721,0.05287743735080865,0.026660218296302617,0,0,0,0,0,0,0,0,0.00009486890961364635,0.0015384527462981696,0.0001319802135263881,0.0001215410681827252,0.04370141778796185,0.05880861603268554,0.025583490196395248,0.06192522402763315,0,0.005824683896719783,0.007022842837853421,0,"cluster_0",-0.07340728858307888
"Cake of sunflower seed",0,0.0021002063403659167,0.0009391351012924288,0.000011834095449080255,0,0.0023171464777748895,0.0015846691639920252,0.0002787971892691531,0,0,0,0,0.0007503769416879974,0.0008644046660847286,0.002049879468205894,0,0,0,0.00008094786429618471,0.00005623541960693256,0.0008126296696108608,0.002076974832525621,0.00007068936266470621,0.0003424290688914605,0,0.0001704861827987262,0.0002324828799607197,0,"cluster_0",0.02344246177430181
"Cake, oilseeds nes",0,0,0,0.000007100457269448153,0,0,0,0,0,0,0,0,0,0,0,0,0,0,0,0,0,0,0,0,0,0.0000031281868403436003,0,0,"cluster_0",0.026269511051677564
"Camels",0,0,0.000002236035955458164,0,0,0,0,0,0,0,0,0,0,0,0,0,0,0,0,0,0,0,0,0,0,0,0,0,"cluster_0",0.026271044067787797
"Canary seed",0,0,0,0,0,0.00006295489992201715,0,0,0,0,0,0,0,0.000008502340977882578,0.0000027965613481662946,0,0,0,0,0,0,0,0,0,0,0,0,0,"cluster_0",0.02625729132574244
"Canned mushrooms",0,0.000017174584559067078,0.000008944143821832655,0,0,0.000004061606446581752,0.00002235076394911178,0,0,0,0,0,0,0,0,0,0,0,0,0,0.0000020064930113848417,0.000048755277758817394,0,0,0,0,0,0,"cluster_0",0.026251435206032105
"Carrots and turnips",0,0.000014721072479200352,0.000004472071910916328,0,0,0,0.000015645534764378247,0,0,0,0,0,0,0,0,0,0,0,0,0.0000018140457937720181,0,0,0,0.000001756046507135695,0,0,0,0,"cluster_0",0.026264046079639197
"Cashew nuts, in shell",0,0,0,0.0009088585304893636,0,0,0,0.00010431187353607769,0,0,0,0,0.00009818016059469126,0,0,0,0,0,0,0,0,0,0,0,0,0,0,0,"cluster_0",0.026058450925831856
"Cashew nuts, shelled",0.00003480912416762682,0,0,0,0,0,0,0,0,0,0,0,0,0,0,0,0.000009223366212437841,0,0,0,0,0,0,0,0,0,0,0,"cluster_0",0.026262811774040516
"Cassava, dry",0,0.00007360536239600177,0.00003354053933187246,0,0,0,0.00005140675708295709,0,0,0.0006133255191119047,0.00012456157603173043,0.0006001341476330003,0.000010519302920859778,0.00005951638684517804,0.000027965613481662945,0,0,0,0,0,0.0000020064930113848417,0.000017064347215586088,0,0.000022828604592764036,0,0.000048486896025325805,0,0,"cluster_0",0.025945609886663584
"Castor oil seeds",0.00015316014633755802,0,0,0.000004733638179632102,0,0.000008123212893163503,0,0.000017069215669539985,0,0,0,0,0,0,0,0,0,0,0,0,0,0,0,0,0.0002805070944919315,0,0.00001487890431748606,0,"cluster_0",0.026178404804645918
"Cattle",0,0,0,0,0,0.000008123212893163503,0.000002235076394911178,0,0,0,0,0,0,0.00009352575075670836,0.0000027965613481662946,0,0,0,0,0,0.000008025972045539367,0.00000975105555176348,0,0,0,0,0,0,"cluster_0",0.02624783173110973
"Cauliflowers and broccoli",0,0,0,0,0,0,0,0,0,0,0,0,0,0,0,0,0,0,0,0,0,0,0,0.000001756046507135695,0,0,0,0,"cluster_0",0.026271142914461244
"Cereal preparations",0,0.000375387348219609,0.0001431063011493225,0.0104400390051786,0.0000016983061094863982,0,0.00011175381974555891,0,0,0,0,0,0,0.00006801872782306062,0,0.000021508244109967352,0,0.00004000434332870426,0.0002657201632331281,0.000012698320556404127,0,0,0,0.00003863302315698529,0,0,0,0,"cluster_0",0.024055376895432228
"Cereal straw, husks, unprepared, ground, pressed, or in the form of pellets",0.00016708379600460874,0,0,0.000004733638179632102,0,0,0,0,0,0,0,0,0.00003506434306953259,0.00028341136592941927,0,0,0,0,0,0.00004172305325675641,0,0.00000243776388794087,0,0,0.00013635761537802226,0,0,0,"cluster_0",0.026142346463553477
"Cereals n.e.c.",0.00034461032925950553,0,0,0.000028401829077792613,0,0.00008529373537821679,0,0,0,0,0,0,0,0,0,0.00000430164882199347,0,0,0.015768995912132853,0.00003809496166921238,0.00016252593392217216,0.000012188819439704349,0,0,0.00017921286592540068,0,0,0,"cluster_0",0.02298683093920186
"Cheese from whole cow milk",0,0,0,0,0.00011718312155456148,0.0000060924096698726275,0,0,0,0,0,0,0,0,0,0,0.00004348158357292125,0.00008229464913333448,0.00008094786429618471,0,0,0,0,0.000012292325549949864,0,0,0,0,"cluster_0",0.026206018279164134
"Cherries",0,0,0,0,0.000044155958846646355,0,0,0,0,0,0,0,0.000014025737227813036,0,0,0,0,0,0,0,0,0,0,0,0,0,0,0,"cluster_0",0.02626053359664875
"Chestnuts, in shell",0,0,0,0,0,0,0,0,0,0,0,0,0,0,0.0000027965613481662946,0.00010754122054983675,0,0,0.00007918812811583287,0,0,0,0,0,0.0006662043494183374,0,0,0,"cluster_0",0.026106259034917395
"Chick peas, dry",0.005726100925574612,0,0,0.005599893966504776,0.0037074022370088074,0.00033508253184299456,0,0.002152617753880876,0,0,0,0,0.0018023072337739752,0.003140197934497965,0.003562819157563859,0.003832769100396182,0.006581530604446716,0.004088443888193576,0.011249993400989323,0.01118177827281072,0.001141694523477975,0.0003534757637514261,0.0008745284009662226,0.0000702418602854278,0.0035024427492812006,0.003300237116562498,0.0014451135818358337,0,"cluster_0",0.012070075697984132
"Chickens",0,0.004342716381364104,0.0029605116050266085,0.00025088282352050137,0.00026153914086090533,0.00012387899662074343,0.0033615548979464118,0.00020862374707215537,0,0.00003407363995066137,0.000019667617268167962,0,0.00007012868613906518,0.000017004681955765155,0.0000027965613481662946,0,0.00012649187948486182,0.00013601476731759448,0.00022700596726538756,0.00015782198405816557,0.0003551492630151169,0.0015309157216268662,0.0011572858516250475,0.0021634492967911763,0.000003895931867943494,0.0004442025313287912,0.00041288959481023817,0,"cluster_0",0.022733271730056622
"Chillies and peppers, dry (Capsicum spp., Pimenta spp.), raw",0.001444578652956513,0.0013199894989682982,0.00011403783372836635,0.0019147566436611852,0.0007115902598748009,0.0003310209253964128,0.00163160576828516,0.0002237963832228576,0,0,0,0,0.00003857077737648585,0.0034689551189760917,0.0009955758399472008,0.006516997965320107,0.0003886990046670233,0.00003886136209074128,0.0003607459169721275,0.0000018140457937720181,0.000164532426933557,0.0006386941386405079,0,0.00007726604631397058,0.0025284597822953273,0.000042230522344638606,0.00008927342590491637,0,"cluster_0",0.02184823927994468
"Chillies and peppers, green (Capsicum spp. and Pimenta spp.)",0,0,0.000008944143821832655,0,0,0,0,0,0,0,0,0,0,0,0,0,0,0,0,0,0,0,0,0.00007550999980683488,0,0,0,0,"cluster_0",0.02625550121151457
"Chocolate products nes",0,0,0,0,0.000006793224437945593,0,0,0.0000018965795188377762,0,0,0,0,0,0,0,0,0,0.000001142981237962979,0.0000017597361803518416,0,0.000050162325284621035,0,0,0,0,0,0,0,"cluster_0",0.026259551375213575
"Cider and other fermented beverages",0,0,0,0,0.000005094918328459195,0.000004061606446581752,0.000002235076394911178,0,0,0,0,0,0,0,0,0,0,0,0,0.0000018140457937720181,0,0,0,0.000001756046507135695,0,0.000007820467100859,0,0,"cluster_0",0.02626712505194979
"Cigarettes",0,0.0006109245078868146,0.00006708107866374491,0,0,0.000004061606446581752,0.002887718702225242,0.0001972442699591287,0.00003603928281827192,0.00042932786337833325,0,0.00024005365905320012,0.005378870226866299,0.00013887156930541544,0.00032440111638729015,0.00000430164882199347,0,0,0.002298215451539505,0,0,0.001292014860608661,0.00021206808799411865,0,0.00003506338681149144,0,0.0002399223321194627,0,"cluster_0",0.02350280767375244
"Cigars and cheroots",0,0.0000024535120798667254,0,0,0,0,0,0,0,0,0,0,0.000007012868613906518,0,0.00005872778831149218,0,0.00003425821736048341,0,0,0,0,0.0002803428471132,0,0,0.00026492336702015756,0,0,0,"cluster_0",0.026146447635288915
"Cinnamon and cinnamon-tree flowers, raw",0,0,0,0,0,0,0,0,0,0,0,0,0,0,0,0,0,0,0,0,0.000006019479034154525,0,0,0,0,0,0,0,"cluster_0",0.026270307956832252
"Citrus juice, concentrated n.e.c.",0,0,0,0,0,0,0,0.000007586318075351105,0,0,0,0,0,0,0,0,0,0,0,0,0,0,0.000038374225446554805,0,0,0,0.00008555369982554484,0,"cluster_0",0.026246240293140825
"Cocoa beans",0,0,0,0,0,0,0,0,0,0.00003407363995066137,0,0,0,0,0,0,0.00005402257352999307,0,0.01627228045971348,0,0,0,0,0,0,0,0,0,"cluster_0",0.023037403912298766
"Cocoa butter, fat and oil",0,0,0,0.000002366819089816051,0.000008491530547431992,0.000040616064465817516,0,0,0,0,0,0,0,0,0,0,0,0,0,0,0,0,0,0,0,0,0,0,"cluster_0",0.026261650417728356
"Cocoa husks and shells",0,0,0,0,0,0,0,0,0,0,0,0,0,0,0,0,0,0,0,0,0,0,0,0,0,0,0,0,"cluster_0",0.026271474356118915
"Cocoa paste not defatted",0,0,0,0,0,0,0,0,0,0,0,0,0,0,0,0,0,0,0,0,0,0,0,0,0,0,0.00001487890431748606,0,"cluster_0",0.026268625201699872
"Cocoa powder and cake",0,0,0,0.00004023592452687287,0,0,0,0,0,0,0,0,0,0,0,0,0,0.000017144718569444683,0,0,0,0,0,0,0,0,0,0,"cluster_0",0.026260466104961695
"Coconut oil",0.00016012197117108338,0,0,0.00004970320088613707,0,0,0,0,0,0,0.000013111744845445308,0,0,0,0,0,0,0,0,0,0,0,0,0,0,0,0,0,"cluster_0",0.02622755953183944
"Coconuts, desiccated",0.0003306866795924548,0,0,0,0,0,0,0,0,0,0,0,0,0,0,0,0,0,0,0,0,0,0,0,0,0,0,0,"cluster_0",0.026205766800311555
"Coconuts, in shell",0.00011487010975316851,0.0000024535120798667254,0,0,0,0,0,0,0.0001801964140913596,0.00004088836794079364,0.00011800570360900777,0,0,0,0,0.00009033462526186287,0,0,0.00006686997485336998,0,0,0,0,0,0,0,0,0,"cluster_0",0.02615114187450239
"Coffee extracts",0,0.00010059399527453574,0.00035329368096238985,0,0,0.00022338835456199636,0.0008470939536713365,0,0,0,0,0,0,0,0,0,0,0.000009143849903703832,0.0000052792085410555244,0,0,0.00029496943044084525,0,0,0.000003895931867943494,0.0002283576393450828,0,0,"cluster_0",0.025871791548870267
"Coffee husks and skins",0,0.000017174584559067078,0,0.0022981813362113854,0,0.00011372498050428906,0.000002235076394911178,0,0,0,0,0,0,0,0,0,0,0,0,0.001904748083460619,0.00020466228716125383,0,0.0012845267044215185,0.0005443744172120654,0.0024661248724082313,0.00165950311880228,0.0006993085029218448,0,"cluster_0",0.024116980734865477
"Coffee substitutes",0.0007936480310218915,0,0,0,0.0017424620683330447,0,0,0,0,0,0,0,0,0.00013320334198682705,0.0007522750026567333,0.0014109408136138582,0.0012280253299988668,0.002112229327755585,0.003623296795344442,0,0,0,0,0,0,0,0,0,"cluster_0",0.023996770161595876
"Coffee, decaffeinated or roasted",0,0.003368672085657014,0.0019721837127141006,0.00009940640177227414,0,0.0013667305692747595,0.002939125459308199,0.0002067271675533176,0,0,0,0,0.0015077667519899013,0,0,0,0,0.000001142981237962979,0.0002991551506598131,0.00022675572422150225,0.002584362998663676,0.002847308221114936,0.00011108328418739548,0.0006023239519475433,0.000561014188983863,0.000007820467100859,0.00011159178238114545,0,"cluster_0",0.02264202985077376
"Coffee, green",0.009273150678255786,0.002348011060432456,0.0015965296721971289,0.008018783076296781,0.002525381184806274,0.001949571094359241,0.0032699167657550534,0.0034271191905398614,0.0855122083070547,0.048514048561751656,0.04621234470777199,0.032873230486814696,0.033591640660612224,0.03615195383795672,0.031100558752957363,0.009902395588228969,0.002882960753259142,0.006024654105302862,0.007299385676099439,0.0052407782982073605,0.0026525837610507606,0.0017308123604380175,0.005818744395343389,0.004953807196629795,0.021349706636330342,0.005269430732558794,0.005029069659310288,0,"cluster_0",-0.055782504701484034
"Communion wafers, empty cachets of a kind suitable for pharmaceutical use, sealing wafers, rice paper and similar products.",0,0.00013985018855240336,0.00031528106971960107,0,0,0,0,0,0,0,0.00006555872422722654,0.00004942281215801179,0,0,0,0,0,0,0,0,0.0000040129860227696834,0.000017064347215586088,0,0,0,0,0,0,"cluster_0",0.026157432933184066
"Copra",0,0,0,0,0,0,0,0,0,0,0,0,0.000028051474455626073,0,0,0,0,0,0,0,0,0,0,0,0,0,0,0,"cluster_0",0.02626619281379711
"Cotton lint, ginned",0.024279364106919707,0.022172388665755598,0.009371226689325165,0.052266465960407855,0.037097798655620885,0.01251787106836496,0.010102545304998524,0.006787858097920401,0.009937832237138481,0,0,0,0.009214909358673164,0.03295790774393216,0.014712709252702875,0.014698734024751688,0.031948422936140045,0.0200216023453975,0.05478410676671353,0.034434217257380446,0.009033231537254556,0.0048218969703470406,0.04314272788230827,0.003573554642021139,0.015221405808055229,0.025732464948666454,0.018738120124834008,0,"cluster_0",-0.07335906659637359
"Cotton linters",0,0.0007728563051580185,0.00041813872367067663,0,0.00043816297624749075,0,0.0007040490643970211,0.002805041108361071,0.0000900982070456798,0.002432857892477222,0,0.04265894729410103,0,0,0,0,0,0,0.007049503138489477,0.018205763586295973,0,0,0.004917959945387418,0.00036350162697708886,0,0.013776534844873215,0.0027432979835364923,0,"cluster_0",0.007405603722065938
"Cotton seed",0.009871867613938967,0.0071691622973705715,0.0026832431465497963,0.005270906113020345,0.0006725292193566138,0.0017403983623602807,0.0028407820979321073,0.0014679525475804387,0,0,0,0,0.00027350187594235424,0.0004449558445091882,0.0013004010268973269,0.0023013821197665064,0.0005942483088299237,0.0011726987501500163,0.0010699195976539197,0.014075181313877088,0.0011838308767170565,0.001516289138299221,0.0006281254796778181,0.0006093481379760862,0.0023024957339546044,0.006118733459712082,0.00208676633052742,0,"cluster_0",0.013229319847770265
"Cotton waste",0,0,0,0.002276879964403041,0.0003787222624154668,0,0,0,0,0,0,0,0,0.007493396515173845,0,0.009833569207077073,0.006922795154306916,0.008303758693801042,0.000042233668328444196,0.00004897923643184449,0,0,0,0,0.0027271523075604455,0,0,0,"cluster_0",0.019025508302259624
"Cotton, carded or combed",0,0.004489927106156108,0,0,0,0,0,0,0,0,0,0,0.007528314457028647,0,0,0,0,0,0.02795692869724971,0.007687926074005812,0,0.00021208545825085568,0.005509730895694816,0,0.001854463569141103,0.0000015640934201718001,0,0,"cluster_0",0.015504768554373738
"Cottonseed oil",0,0,0,0.0004828310943224744,0.00005434579550356474,0,0,0,0,0,0,0,0,0,0.000142624628756481,0,0.0014045869117798196,0.0002971751218703745,0.00013022047734603627,0,0,0,0,0,0,0,0,0,"cluster_0",0.02579309960518259
"Cow peas, dry",0,0.003518336322528884,0.00004695675506462144,0,0,0.00024166558357161425,0.001969102303916748,0.001346571458374821,0,0,0,0,0,0,0,0,0,0,0,0,0.0006099738754609918,0.0018746404298265289,0.00001817726468521017,0.001099285113466945,0,0,0.00019342575612731877,0,"cluster_0",0.024167921256786525
"Cream, fresh",0,0.0001055010194342692,0.000006708107866374491,0,0,0,0.00016092550043360481,0,0,0,0,0,0,0,0,0,0,0.000001142981237962979,0.0000017597361803518416,0.00001814045793772018,0,0,0,0,0.000003895931867943494,0.0000328459618236078,0,0,"cluster_0",0.0262073923775826
"Crude organic material n.e.c.",0.0014724259522906145,0.0004612602710149444,0.0008832342024059747,0.0004922983706817386,0.00036173920132060285,0.00044271510267741095,0.00048277650130081447,0.0004532825050022285,0.006514100369402649,0,0.00003277936211361327,0.002082818512373354,0.0017882814965461621,0.004647946401242476,0.002184114412917876,0.002021774946336931,0.0002727481151392333,0.00040232939576296856,0.0002973954144794612,0.0008689279352167966,0.00044142846250466516,0.000046317513870876525,0.00044231344067344744,0.00011414302296382017,0.0018700472966128767,0.0033362112652264497,0.00036267329273872274,0,"cluster_0",0.01994957836973867
"Cucumbers and gherkins",0,0.0000024535120798667254,0,0,0,0,0,0,0,0,0,0,0,0,0,0,0,0,0,0,0,0,0,0,0,0,0,0,"cluster_0",0.026271001430497775
"Dairy products n.e.c.",0,0,0,0,0,0,0,0,0,0,0,0,0,0,0,0.00000860329764398694,0.000003952871233901932,0,0,0,0,0,0.00005049240190336158,0,0,0,0,0,"cluster_0",0.02625932746468973
"Dog or cat food, put up for retail sale",0.00001740456208381341,0.0026154438771379294,0.0028531818791646167,0,0,0.00007920132570834417,0.0012516427811502598,0.00009103581690421326,0,0,0,0,0,0,0,0,0,0.000001142981237962979,0.0000070389447214073665,0.00004716519063807247,0.0006380647776203796,0.00005363080553469913,0.000012118176456806779,0,0.000003895931867943494,0,0.0000018598630396857575,0,"cluster_0",0.024790387537195504
"Dried mushrooms",0,0,0,0,0.0000016983061094863982,0,0,0,0,0,0,0,0,0,0,0,0,0.00007315079922963065,0,0,0,0,0,0,0,0,0,0,"cluster_0",0.026257192855442063
"Ducks",0,0,0,0.00009230594450282598,0,0,0,0,0,0,0,0,0,0,0,0,0.0000026352474892679546,0.00007315079922963065,0.000051032349230203406,0.00005623541960693256,0,0,0,0,0,0.0000046922802605154,0,0,"cluster_0",0.026217357660751655
"Edible roots and tubers with high starch or inulin content, n.e.c., fresh",0.000003480912416762682,0,0,0.00014200914538896306,0.00007642377492688793,0.00008123212893163503,0.000008940305579644712,0.00018776137236493985,0,0,0,0.000014120803473717654,0,0,0,0.00003871483939794123,0.00006719881097633284,0.00021373749149907706,0.00022700596726538756,0.00028843328120975085,0.00020265579414986898,0.00016333018049203828,0.0002807377545826904,0,0.0000623349098870959,0.0000406664289244668,0.000039057123833400906,0,"cluster_0",0.025859067285143204
"Eggplants (aubergines)",0,0,0,0,0.00011888142766404788,0,0,0,0,0,0,0,0,0,0,0,0,0,0,0,0,0,0,0,0,0,0,0,"cluster_0",0.026249128233747823
"Eggs from other birds in shell, fresh, n.e.c.",0,0.0002600722804658729,0.00015205044497115512,0,0,0.000020308032232908758,0.00001117538197455589,0.00006258712412164661,0,0,0,0,0,0,0,0,0,0,0,0,0.0000040129860227696834,0,0,0,0,0,0.00010787205630177394,0,"cluster_0",0.026152708919981192
"Eggs, liquid",0,0.000024535120798667254,0.00006484504270828674,0,0,0,0,0,0,0,0,0,0,0,0,0,0.0000026352474892679546,0.000004571924951851916,0.0000035194723607036832,0.000023582595319036233,0,0,0,0,0,0,0,0,"cluster_0",0.026247619363769546
"Essential oils n.e.c.",0.00004873277383467755,0.0013371640835273654,0.001585349492419838,0.00022011417535289273,0.000056044101613051145,0.0009890011697426565,0.0007398102867156,0.0007643215460916237,0,0,0,0,0.00003155790876257933,0,0,0.00000430164882199347,0.00006719881097633284,0.00009143849903703831,0.00005455182159090709,0.00014693770929553347,0.0010955451842161235,0.001084804930133687,0.00037566347016101015,0.0008850474395963902,0,0.0001673579959583826,0.000055795891190572724,0,"cluster_0",0.02438575513991611
"Extracts, essences and concentrates of tea or mate, and preparations with a basis thereof or with a basis of tea or maté",0,0,0,0,0,0,0,0,0,0,0,0,0.0005575230548055682,0,0,0,0,0,0.0000017597361803518416,0,0.0000020064930113848417,0,0,0,0,0,0,0,"cluster_0",0.026165766978827065
"Fat preparations n.e.c.",0,0,0,0,0,0.000004061606446581752,0,0,0,0,0,0,0.000028051474455626073,0,0,0,0,0,0,0,0,0,0,0,0,0,0,0,"cluster_0",0.0262654155400828
"Flax, raw or retted",0,0,0,0,0,0,0,0,0,0,0,0.000007060401736858827,0,0,0,0,0,0,0,0,0,0,0,0,0,0,0,0,"cluster_0",0.02627010254998747
"Flax, tow and waste",0,0,0,0,0,0,0,0,0,0,0,0,0,0.000008502340977882578,0,0,0,0,0,0,0,0,0,0,0,0,0,0,"cluster_0",0.026269867906002865
"Flour of cereals n.e.c.",0,0,0,0.00007337139178429758,0.00006113901994151034,0,0,0,0,0,0,0,0,0.0000028341136592941925,0.000011186245392665178,0,0,0,0,0,0,0,0,0,0,0,0,0,"cluster_0",0.026243224691351298
"Flour of fruits",0,0,0,0,0,0,0,0,0.000027029462113703936,0.00008859146387171957,0.001081718949749238,0.000014120803473717654,0,0,0,0,0,0.000016001737331481703,0.00011262311554251786,0.00017233435040834173,0,0,0.00046856948966319547,0,0,0.0002799727222107522,0.000606315350937557,0,"cluster_0",0.02571754985936002
"Flour of maize",0,0.000017174584559067078,0,0.0002887519289575582,0,0,0.0018417029494068107,0,0,0,0,0,0.0008731021424313615,0.000042511704889412885,0,0,0,0.0011155496882518674,0.006144998741788631,0,0,0,0.00007068936266470621,0.000001756046507135695,0,0,0,0,"cluster_0",0.02423976437581664
"Flour of mixed grain",0,0,0,0,0,0,0,0,0,0,0,0,0,0,0,0,0,0,0,0.000016326412143948163,0,0.000804462083020487,0,0,0,0,0,0,"cluster_0",0.026111727613650795
"Flour of mustard seed",0,0,0.000029068467420956128,0,0,0,0,0,0,0,0,0,0,0,0,0,0,0,0,0,0,0,0,0,0,0,0,0,"cluster_0",0.026265880607814384
"Flour of pulses",0,0,0,0,0,0.00005686249025214453,0,0.0000018965795188377762,0,0,0,0,0,0,0,0,0,0.000011429812379629789,0.000028155778885629466,0,0,0,0,0,0,0,0,0,"cluster_0",0.026252484156021945
"Flour of rice",0,0,0,0.000035502286347240766,0,0,0,0,0,0,0,0,0,0,0,0,0,0,0,0,0,0,0,0,0.00002337559120766096,0,0,0,"cluster_0",0.026260141699193284
"Flour of roots and tubers n.e.c.",0,0.000019628096638933803,0.000008944143821832655,0.000030768648167608664,0,0.000004061606446581752,0.00002235076394911178,0,0,0,0,0,0,0,0,0,0,0,0,0.00002721068690658027,0.0000020064930113848417,0.000012188819439704349,0,0.000015804418564221253,0,0.0000031281868403436003,0,0,"cluster_0",0.026243297945067762
"Flour of rye",0,0,0,0,0,0,0,0,0,0,0,0,0,0,0,0,0.0000026352474892679546,0,0,0,0,0,0,0,0,0,0,0,"cluster_0",0.026270975499759895
"Flour of sorghum",0,0.0013518851560065657,0,0,0,0.000002030803223290876,0.0004760712721160809,0,0.00000900982070456798,0,0.000013111744845445308,0,0,0,0,0.00000430164882199347,0.00002767009863731352,0.000008000868665740852,0.0005068040199413304,0.00004353709905052843,0.0022633241168421013,0.004005246067886849,0.00004443331367495819,0.000001756046507135695,0.000003895931867943494,0.0000031281868403436003,0,0,"cluster_0",0.024568844173343308
"Flour, meal, powder, flakes, granules and pellets of potatoes",0,0,0,0,0,0,0,0,0,0,0,0,0,0,0,0,0,0,0,0.0000036280915875440363,0,0,0.000004039392152268926,0,0,0.000012512747361374401,0,0,"cluster_0",0.02626759695645963
"Flours and meals of oil seeds or oleaginous fruits, except those of mustard",0.0027464398968257563,0.00018646691806987114,0.0011113098698627072,0.007436545580202032,0.0017577468233184223,0.0008732453860150767,0.00040007867468910087,0.00005689738556513328,0,0,0,0,0.00022090536133805532,0.0003599324347303624,0,0.00008603297643986941,0.006696163870229872,0.0074750972962778816,0.0020606510671920064,0,0.001001240012681036,0,0.0003393089407905898,0.006149674867989204,0.00006623084175503939,0.002799727222107522,0.0007774227505886466,0,"cluster_0",0.018114889498713482
"Food preparations n.e.c.",0.0003863812782606577,0.004448217400798373,0.00726935289119449,0.0001633105171973075,0.0007625394431593929,0.05497790486093059,0.0033973161202649907,0.001617782329568623,0.0000900982070456798,0.00002044418397039682,0,0.00016238923994775303,0.000014025737227813036,0.0002720749112922425,0.0003691460979579509,0.0004473714774873209,0.00042559246951677466,0.00012915687988981661,0.00024812280142960967,0.0008272048819600403,0.0029535577127584867,0.004258773512232699,0.00015551659786235367,0.0009324606952890541,0.00031557048130342294,0.0003159468708747036,0.0004407875404055245,0,"cluster_0",0.009883251405847227
"Food preparations of flour, meal or malt extract",0,0,0,0.0030886989122099464,0.0003328679974593341,0,0,0,0,0,0,0,0,0.00014170568296470963,0.000022372490785330357,0,0,0,0,0,0,0,0,0,0,0,0,0,"cluster_0",0.02558406055071563
"Food wastes",0,0,0,0,0.000417783302933654,0,0,0,0,0,0,0.000014120803473717654,0,0,0.0000027965613481662946,0,0,0,0,0,0,0,0,0.0010817246483955881,0,0,0,0,"cluster_0",0.025985503186423297
"Fruit prepared n.e.c.",0.00012531284700345656,0,0,0,0.00022927132478066378,0.0007412431765011697,0.000002235076394911178,0.0011227750751519635,0.0003153437246598793,0.00013629455980264548,0.00015078506572262104,0.0001341476330003177,0.00003857077737648585,0.00009919397807529674,0,0,0.000006588118723169886,0.00023659711625833663,0.0000017597361803518416,0.0000018140457937720181,0,0,0.000300934715344035,0,0.00007012677362298288,0.00013920431439529022,0.0010750008369383678,0,"cluster_0",0.025326659415488152
"Fruit, nuts, peel, sugar preserved",0,0,0,0,0,0,0,0,0,0,0,0,0,0,0,0,0,0,0,0,0,0,0,0,0,0.0000281536815630924,0.00010601219326208818,0,"cluster_0",0.026245790731448754
"Germ of maize",0,0,0,0,0,0,0,0,0,0,0,0,0.0005154458431221291,0,0,0,0,0,0,0,0,0,0,0,0,0,0,0,"cluster_0",0.02617442601595574
"Germ of wheat",0,0,0,0,0,0,0,0,0,0,0,0,0,0,0.000013982806740831473,0,0,0,0,0,0,0,0,0,0,0,0,0,"cluster_0",0.026268830167675637
"Ginger, raw",0,0.000029442144958400705,0.00011180179777290818,0,0,0.00003249285157265401,0.00012963443090484831,0,0,0,0,0,0,0,0,0,0,0,0,0,0.00001203895806830905,0.00014139030550057045,0,0.00000351209301427139,0,0,0,0,"cluster_0",0.026182309995675557
"Gluten feed and meal",0,0,0,0,0,0.000014215622563036132,0,0,0,0,0,0,0,0,0,0,0,0,0.0000017597361803518416,0,0,0,0,0,0,0,0.000013019041277800302,0,"cluster_0",0.026265912964118423
"Goats",0,0,0,0,0,0,0,0,0,0,0,0,0,0,0,0,0,0,0,0,0,0,0,0,0,0.0000046922802605154,0,0,"cluster_0",0.026270577122879835
"Grape juice",0,0,0,0,0,0,0,0,0,0,0,0,0,0,0,0,0,0,0,0.0000018140457937720181,0,0,0,0,0,0,0,0,"cluster_0",0.0262711220462334
"Grapefruit juice, concentrated",0,0,0,0,0,0,0,0,0,0,0,0,0,0,0,0,0,0,0,0,0,0,0,0,0,0,0,0,"cluster_0",0.026271474356118915
"Green garlic",0,0.00026497930462560635,0.000002236035955458164,0.00008283866814356178,0.000032267816080241566,0,0.00006481721545242416,0,0,0,0,0,0,0,0,0,0,0,0,0,0.0000040129860227696834,0,0,0,0,0.0000015640934201718001,0,0,"cluster_0",0.02618427853221692
"Groundnut oil",0,0,0,0.00002366819089816051,0,0,0.000020115687554200602,0.00008534607834769993,0,0,0.00010489395876356247,0,0,0,0.000005593122696332589,0.005837337451445139,0,0,0,0,0,0.00000487552777588174,0,0,0,0.0000046922802605154,0,0,"cluster_0",0.025106323687988933
"Groundnuts, excluding shelled",0.004584361652876452,0.0011678717500165612,0.000957023388936094,0.003931286508184461,0.000006793224437945593,0.003572182869768651,0.001305284614628128,0.002135548538211336,0,0,0,0,0,0.000008502340977882578,0.0001034727698821529,0,0.00010540989957071817,0.00010629725513055704,0.00019181124365835072,0.0006548705315516985,0.0015490126047890977,0.0005679989858902227,0.0029285593103949717,0.00018087279023497658,0,0.014647734879908909,0.002042129617574962,0,"cluster_0",0.018422170077794064
"Groundnuts, shelled",0.005029918442222075,0.19749054784471232,0.12026295782836188,0.019552292500970396,0.0053564574693201,0.028045392513646995,0.0950779147631266,0.0350184442358207,0.07541219929723399,0.04116777178838907,0.05942898351198086,0.0028735835069015427,0,0.003749532371246217,0.006241924929107169,0.0004645780727752948,0.02370009829473135,0.01016796109291866,0.05139133541099518,0.10667859099435106,0.07926650641475816,0.09584800054605912,0.019084108223394545,0.05111675777621295,0.0017103140900271937,0.06470028841882668,0.017547807779435123,0,"cluster_0",-0.20892476191681453
"Hazelnuts, in shell",0,0,0,0,0,0,0,0,0,0,0,0,0,0,0.000008389684044498884,0,0,0,0,0,0,0,0,0,0,0,0,0,"cluster_0",0.02626988784305295
"Hen eggs in shell, fresh",0,0.0032754386266220783,0.0038034971602343365,0.000511232923400267,0.0005859156077728075,0.0008671529763452041,0.0023177742215228915,0.00033759115435312413,0,0,0,0,0,0,0,0.00000860329764398694,0.0002727481151392333,0.00009486744275092724,0.00014077889442814734,0.0007727835081468797,0.0009229867852370271,0.0009434146246331166,0.007032581737100201,0.0020686227854058484,0.0001168779560383048,0.005214687462852781,0.005923663781399138,0,"cluster_0",0.019504001963709175
"Hides nes, dry salted",0.00016012197117108338,0,0,0,0,0.0003025896802703405,0.0002659740909944302,0.00021052032659099314,0,0,0,0,0,0,0,0,0.00014757385939900546,0,0.00010030496228005498,0.00004353709905052843,0.00008828569250093302,0.0002023344026990922,0.0001373393331771435,0,0.0001831087977933442,0,0.00042218891000866694,0,"cluster_0",0.025834618812033007
"Hides, cattle, dry salted",0,0,0,0,0,0,0,0,0,0,0,0,0,0.000005668227318588385,0.000005593122696332589,0,0,0,0,0,0,0,0,0,0,0,0,0,"cluster_0",0.026269345713997572
"Hides, horse, wet salted",0,0,0,0.00017041097446675568,0,0,0,0,0,0,0,0,0,0,0,0.00003441319057594776,0,0,0,0,0,0,0,0,0,0,0,0,"cluster_0",0.02623212424965785
"Hides, wet salted nes",0,0,0,0.00029111874804737425,0,0,0,0,0,0,0,0,0,0,0,0,0.00013703286944193364,0.00030174704682222643,0.0004029795853005717,0,0,0,0,0,0,0,0,0,"cluster_0",0.026052293783954236
"Hides, wet-salted of cattle",0,0,0,0.0003857915116400163,0.00018171875371504462,0.00019901871588250583,0.000017880611159289424,0.0008667368401088637,0.004486890710874853,0.0044227584655958455,0.0043399875438423965,0.005196455678328097,0.000932711525649567,0.0008955799163369648,0.0010794726803921898,0.0002451939828536278,0.00004875207855145716,0.00012001302998611279,0.0003501874998900165,0.0011700595369829516,0.000164532426933557,0,0.0007674845089310961,0,0.0007129555318336593,0.000672560170673874,0.00018598630396857575,0,"cluster_0",0.0209542398270923
"Homogenized cooked fruit, prepared",0,0,0,0,0,0,0,0.000007586318075351105,0,0,0,0,0,0.001119474895421206,0.0002041489784161395,0,0,0.000008000868665740852,0,0,0,0,0,0,0,0,0,0,"cluster_0",0.026018386224726898
"Homogenized meat preparations",0,0,0,0,0,0,0,0,0,0,0,0,0,0,0,0,0,0,0,0,0,0,0,0,0,0,0,0,"cluster_0",0.026271474356118915
"Homogenized vegetable preparations",0,0,0,0,0,0,0,0,0,0,0,0,0,0,0,0,0,0,0,0,0,0,0,0,0,0,0,0,"cluster_0",0.026271474356118915
"Horses",0,0,0,0.000002366819089816051,0.000005094918328459195,0,0,0,0,0,0,0,0.000003506434306953259,0,0,0,0,0,0.0000017597361803518416,0,0,0,0.000002019696076134463,0,0,0,0,0,"cluster_0",0.02626866341987795
"Husked rice",0,0.0000024535120798667254,0.000002236035955458164,0.00004023592452687287,0.00009001022380277911,0.000002030803223290876,0,0.00011948450968677989,0,0,0,0,0,0,0,0,0.012139267559312833,0.00011544110503426087,0.00011790232408357338,0.0003192720597038752,0,0.0000073132916638226095,0,0,0.000003895931867943494,0,0,0,"cluster_0",0.023815340602302025
"Ice cream and other edible ice",0,0,0,0,0,0,0,0.0000018965795188377762,0,0,0,0,0,0,0,0,0,0,0,0,0,0,0,0,0,0,0,0,"cluster_0",0.026271114374905532
"Industrial monocarboxylic fatty acids; acid oils from refining",0,0,0.00023031170341219085,0,0,0,0,0,0,0,0,0,0,0,0,0,0,0,0.00003167525124633315,0,0.00007825322744400881,0,0,0.0005092534870693515,0,0,0,0,"cluster_0",0.026109610756654973
"Infant food",0,0,0,0.00007100457269448153,0.00003396612218972797,0,0,0,0,0,0,0,0,0,0,0.00005592143468591511,0.00009882178084754829,0.000048005211994445116,0.00003343498742668499,0.0000018140457937720181,0,0,0.000016157568609075705,0,0,0,0,0,"cluster_0",0.026202781797506822
"Juice of citrus fruit n.e.c.",0,0,0,0,0,0,0,0,0,0,0,0,0,0,0,0,0,0,0,0,0,0,0,0,0,0,0,0,"cluster_0",0.026271474356118915
"Juice of fruits n.e.c.",0,0.00006869833823626831,0.00009391351012924288,0.000007100457269448153,0,0.00012997140629061605,0.000037996298713490026,0.0000018965795188377762,0,0,0.000013111744845445308,0,0,0,0,0.00000430164882199347,0.000011858613701705794,0.00008572359284722341,0.0003308304019061462,0.000199545037314922,0.000058188297330160404,0.00008288397218998958,0.000052512097979496046,0.000031608837128442507,0,0.0000015640934201718001,0.00002231835647622909,0,"cluster_0",0.026031939505200337
"Juice of pineapples, concentrated",0,0,0,0.000009467276359264204,0.00014775263152531665,0.00004670847413569015,0,0,0,0,0,0,0,0,0,0,0.000009223366212437841,0,0,0,0.0000822662134667785,0.000029253166655290438,0,0.000005268139521407085,0,0,0,0,"cluster_0",0.02620856768848517
"Jute, raw or retted",0.000003480912416762682,0,0,0,0,0,0,0,0,0,0,0,0,0.000031175250252236115,0,0.00000860329764398694,0,0.00006743589303981576,0,0,0,0,0,0,0,0,0,0,"cluster_0",0.02625037427963547
"Lactose",0,0,0,0,0,0,0,0,0,0,0,0,0,0,0.000047541542918827006,0.0005291028051051969,0,0,0.0000070389447214073665,0,0,0,0,0,0.004164751166831594,0,0,0,"cluster_0",0.025356842974570585
"Leather used & waste",0,0,0,0,0,0,0,0,0,0,0,0,0.0003962270766857183,0,0,0,0,0,0,0,0,0,0,0,0,0,0,0,"cluster_0",0.026196872570823412
"Leeks and other alliaceous vegetables",0,0,0,0,0,0,0,0,0,0,0,0,0,0,0,0,0,0,0,0,0,0,0,0,0,0,0,0,"cluster_0",0.026271474356118915
"Lentils, dry",0,0,0,0,0.0007880140348016888,0,0,0,0,0,0,0,0.000024545040148672814,0.0002494020020178889,0.00016499711954181138,0,0,0.00003314645590092639,0,0.00004172305325675641,0,0,0,0,0,0,0,0,"cluster_0",0.026025976396808353
"Lettuce and chicory",0.000003480912416762682,0.00011040804359400264,0.000011180179777290819,0,0,0,0.00011622397253538126,0,0,0,0,0,0,0,0,0.000146256059947778,0,0,0,0.00005804946540070458,0,0.00000243776388794087,0,0,0.00005454304615120891,0.0000015640934201718001,0,0,"cluster_0",0.02617416288874015
"Lupins",0,0,0,0,0,0,0,0,0,0,0,0,0,0,0,0,0,0,0,0,0,0,0,0,0,0,0,0,"cluster_0",0.026271474356118915
"Maize (corn)",0.03728753380836185,0.026034216679465823,0.009418183444389785,0.23721207645772388,0.02183681995577611,0.016904406030673252,0.019894414991104396,0.01238276767849184,0.07714208487251104,0.00036118058347701053,0,0.0002541744625269178,0,0.0007453718923943726,0.000142624628756481,0.0022755722268345455,0.004389004693375778,0.005808630651327858,0.14957405585754582,0.0031074604447314668,0.007000654116721712,0.00257915419344144,0.004388799573440189,0.0006989065098400066,0.0033037502240160824,0.005546275267929203,0.0070470210573693355,0,"cluster_0",-0.10115892141589196
"Malt extract",0,0,0,0,0,0,0,0.00005310422652745773,0,0,0,0,0,0,0,0,0.00023453702654484794,0.0013087135174676108,0.0024407540821480044,0.00014512366350176144,0,0,0.00011108328418739548,0,0,0.00012981975387425942,0.000055795891190572724,0,"cluster_0",0.025399485580735338
"Malt, whether or not roasted",0,0,0,0,0,0,0,0,0,0,0,0,0,0,0,0,0,0,0,0,0,0,0,0,0,0,0,0,"cluster_0",0.026271474356118915
"Mangoes, guavas and mangosteens",0.000006961824833525364,0.0041415283908150325,0.0068691024551674786,0,0,0.00015434104497010658,0.00686838976156205,0.000017069215669539985,0,0,0,0,0,0,0,0,0,0,0,0.000005442137381316054,0.001709532045699885,0.00339092956812575,0,0.007475489980876653,0,0,0,0,"cluster_0",0.02037655056767554
"Margarine and shortening",0.000013923649667050729,0,0,0,0,0.00024166558357161425,0.00007375752103206888,0,0,0,0,0,0,0,0.000005593122696332589,0,0,0,0,0,0.000046149339261851354,0,0,0,0,0,0,0,"cluster_0",0.026198098291985272
"Maté leaves",0,0,0,0.000009467276359264204,0,0.000014215622563036132,0,0.000005689738556513329,0,0,0.000039335234536335925,0,0,0,0,0,0,0,0,0,0,0,0,0,0,0,0,0,"cluster_0",0.026258226281504555
"Meat meal",0,0,0,0,0,0,0,0,0,0,0,0,0,0,0,0.0006065324839010793,0,0.000001142981237962979,0.000008798680901759209,0,0,0,0,0,0.0004753036878891062,0,0,0,"cluster_0",0.026061788407409747
"Meat of cattle boneless, fresh or chilled",0,0,0,0,0,0,0,0,0,0,0,0,0,0,0,0,0,0,0,0.000005442137381316054,0.0000822662134667785,0,0,0,0,0.0000046922802605154,0,0,"cluster_0",0.026253579402972217
"Meat of chickens, fresh or chilled",0,0.006538609692844823,0.013228388712490496,0,0,0.000702657915258643,0.0027223230490018148,0.0007832873412800016,0,0,0,0,0,0,0,0,0,0,0.0000070389447214073665,0.0016671080844764847,0.00014647398983109344,0.00019745887492321045,0.001991420331068581,0.023171033661655495,0,0.0015687857004323155,0.0005189017880723264,0,"cluster_0",0.016103019655263805
"Meat of ducks, fresh or chilled",0,0,0,0,0,0,0,0,0,0,0,0,0,0,0,0,0,0,0,0,0,0,0.000028275745065882484,0,0,0.000007820467100859,0,0,"cluster_0",0.026264517861965497
"Meat of geese, fresh or chilled",0,0,0,0,0,0,0,0,0,0,0,0,0,0,0,0,0,0,0,0,0.000034110381193542305,0,0,0,0,0,0,0,"cluster_0",0.02626486476016116
"Meat of pig with the bone, fresh or chilled",0,0,0,0,0.0000016983061094863982,0,0.000017880611159289424,0,0,0,0,0,0,0,0,0,0,0,0,0,0,0.000026815402767349566,0,0.000008780232535678474,0,0,0,0,"cluster_0",0.02626079712529249
"Meat prepared n.e.c.",0,0,0,0,0,0,0,0,0,0,0,0,0,0,0.000005593122696332589,0,0.0000013176237446339773,0.000005714906189814894,0.00009678548991935129,0,0,0,0.000028275745065882484,0,0,0,0,0,"cluster_0",0.026244479531162726
"Millet",0,0.0008096589863560194,0.000122981977550199,0,0,0,0.0002659740909944302,0.000026552113263728867,0,0,0,0,0,0,0,0,0,0,0,0.0000399090074629844,0.0000020064930113848417,0.000017064347215586088,0,0,0,0,0,0,"cluster_0",0.02602345367328931
"Mixes and doughs for the preparation of bakers' wares",0,0,0.0018223693036984033,0,0,0,0,0,0,0,0,0,0,0,0,0.00000430164882199347,0,0.00004457626828055618,0.0000035194723607036832,0,0,0,0,0,0,0,0,0,"cluster_0",0.02591076194352977
"Molasses",0.0004942895631803009,0.0000024535120798667254,0,0.007900442121805977,0.0039027074395997434,0,0.000002235076394911178,0.000041724749414431074,0.0001351473105685197,0.00014992401578291004,0,0.0005154093267906944,0.0005855745292611943,0,0.000005593122696332589,0.00005592143468591511,0.00014098574067583557,0,0,0,0,0,0.00010906358811126102,0.000008780232535678474,0,0.0001438965946558056,0.0027749156552111503,0,"cluster_0",0.02302563425216473
"Mules and hinnies",0,0,0,0,0,0,0,0,0,0,0,0,0,0,0,0,0,0,0,0,0,0,0,0,0,0,0,0,"cluster_0",0.026271474356118915
"Mushrooms and truffles",0,0,0,0.00018697870809546803,0.00014265771319685745,0,0,0.00009672555546072657,0,0,0,0,0,0,0,0,0.0000026352474892679546,0.000006857887427777873,0.000026396042705277624,0,0,0,0.000010098480380672316,0,0,0,0.000013019041277800302,0,"cluster_0",0.026178880962705826
"Must of grape",0,0,0,0,0,0,0,0,0,0,0,0,0,0,0.0000027965613481662946,0,0,0,0,0,0,0,0,0,0,0,0,0,"cluster_0",0.02627094551843026
"Natural honey",0.000010442737250288046,0,0.000011180179777290819,0,0,0.00003249285157265401,0.000020115687554200602,0.00003793159037675552,0,0,0,0,0,0,0,0,0.000007905742467803863,0.000012572793617592767,0,0.0002104293120775541,0.0000020064930113848417,0,0.0001979302154611774,0.000001756046507135695,0,0.00016579390253821082,0,0,"cluster_0",0.026134498830545003
"Natural rubber in other forms",0.01092658407621806,0.010071667087852908,0.009201287956710344,0.013422231058346825,0.012545387230776025,0.007804376787106836,0.00993938472817001,0.011068438071937262,0,0,0,0,0.0009782951716399593,0,0,0.00855167785812302,0.0055590545786107495,0.0163754921962956,0.02398344440201525,0.014479713525888248,0.007867459097639964,0.00888564937154447,0.008284793304303569,0.007740653003454143,0.009209982935818418,0.007088471380218598,0.006451864884669893,1,"cluster_1",-0.014842271527073042
"Natural rubber in primary forms",0.000006961824833525364,0,0,0,0,0,0,0,0.003937291647896207,0.004981566160786693,0.006778772085095224,0.005443569739118156,0.00026999544163540097,0.0023296414279398263,0.0005593122696332589,0,0,0,0,0,0,0,0,0.000022828604592764036,0,0,0.000005579589119057273,0,"cluster_0",0.021551367074020205
"Nutmeg, mace, cardamoms, raw",0,0,0,0,0,0,0,0,0,0,0,0.000028241606947435307,0,0,0,0,0,0,0,0,0,0,0,0,0,0,0,0,"cluster_0",0.02626598713159313
"Oats",0,0,0,0,0,0,0,0,0,0,0,0,0,0,0,0,0,0,0,0,0,0,0.000002019696076134463,0,0,0,0,0,"cluster_0",0.02627108427716023
"Oats, rolled",0,0,0,0,0,0,0,0,0,0,0,0,0,0,0.000008389684044498884,0,0,0,0,0,0,0,0,0,0,0,0,0,"cluster_0",0.02626988784305295
"Oil of castor beans",0,0,0,0,0.000006793224437945593,0,0,0,0,0.00010903564784211638,0,0,0,0,0,0,0,0,0,0,0,0,0,0,0,0,0,0,"cluster_0",0.026249103881397624
"Oil of linseed",0,0,0,0.000007100457269448153,0,0,0,0,0,0,0,0,0,0.00004817993220800127,0,0,0,0,0,0.0000018140457937720181,0,0,0,0,0,0.000010948653941202601,0.0000874135628652306,0,"cluster_0",0.026241821353524097
"Oil of maize",0,0,0,0.000002366819089816051,0,0,0,0,0,0,0,0,0,0,0,0,0,0,0,0,0,0,0.000034334833294285875,0,0,0,0,0,"cluster_0",0.026264387964171694
"Oil of olive residues",0,0,0,0,0,0,0,0,0,0,0,0,0,0.000014170568296470963,0,0,0,0,0,0,0,0,0,0,0,0,0,0,"cluster_0",0.026268796939258834
"Oil of palm kernel",0,0,0,0,0,0,0,0,0,0,0,0,0,0,0,0,0,0.000012572793617592767,0.000015837625623166575,0,0,0,0,0,0,0,0,0,"cluster_0",0.02626594327594754
"Oil of sesame seed",0,0,0,0,0,0,0,0.00001896579518837776,0,0,0,0,0,0,0,0,0,0,0,0,0,0,0.0005251209797949605,0.000005268139521407085,0,0.0009587892665653135,0,0,"cluster_0",0.02598212503123504
"Oil of tung nuts",0,0,0,0,0,0,0,0,0.0011712766915938373,0.0015060548858192326,0.0008063723079948864,0.00048716771984325905,0.0004944072372804095,0,0,0,0,0,0,0,0,0,0,0,0,0,0,0,"cluster_0",0.02540375943160937
"Olive oil",0,0,0,0,0,0,0,0,0,0,0,0,0,0,0,0,0,0,0.0002023696607404618,0,0,0,0,0,0,0,0,0,"cluster_0",0.026231463109488
"Olives preserved",0,0,0,0,0,0,0,0,0,0,0,0,0,0,0,0,0,0,0,0,0,0,0,0,0,0,0,0,"cluster_0",0.026271474356118915
"Onions and shallots, dry (excluding dehydrated)",0,0,0.000049192791020079604,0,0,0,0.000004470152789822356,0,0,0,0,0,0,0,0,0.00000430164882199347,0,0,0,0,0.00001404545107969389,0.000026815402767349566,0,0.000043901162678392376,0,0,0,0,"cluster_0",0.026244087459703167
"Orange juice",0,0,0,0,0.0000016983061094863982,0.000012184819339745255,0,0,0,0,0,0,0,0,0,0,0.000005270494978535909,0.000024002605997222558,0.00018301256275659152,0,0,0,0,0,0,0,0,0,"cluster_0",0.026227060138067693
"Orange juice, concentrated",0,0,0,0,0,0.0000588932934754354,0,0,0,0,0,0,0,0,0,0,0,0,0,0.000005442137381316054,0,0,0,0.00000702418602854278,0,0,0,0,"cluster_0",0.02625782119097421
"Oranges",0,0,0,0,0,0,0,0,0,0,0,0,0,0,0,0,0,0,0,0,0,0,0,0,0,0,0,0,"cluster_0",0.026271474356118915
"Other beans, green",0.00006265642350172828,0.0003189565703826743,0.00032198917758597556,0.00014200914538896306,0.00002717289775178237,0.0004833311671432285,0.0006168810849954852,0,0,0,0,0,0,0,0,0.00005161978586392164,0.0000013176237446339773,0,0.00010030496228005498,0.00029750351017861096,0.00004213635323908167,0.00018283229159556523,0.0000605908822840339,0.00000702418602854278,0,0,0.0000018598630396857575,0,"cluster_0",0.02574568720491158
"Other citrus fruit, n.e.c.",0,0,0,0,0,0,0,0,0,0.00006133255191119047,0,0.0011014226709499771,0,0,0,0,0,0,0,0,0,0,0,0,0,0,0,0,"cluster_0",0.02604560747580162
"Other forage products, n.e.c.",0,0,0,0,0,0,0,0,0,0,0,0.000014120803473717654,0,0,0,0,0,0,0,0,0,0,0,0,0,0,0,0,"cluster_0",0.026268730743856022
"Other fruit n.e.c., dried",0.00028195390575777725,0.001018207513144691,0,0.00001893455271852841,0.00027172897751782374,0,0,0,0,0,0.000013111744845445308,0,0,0,0,0.00008173132761787594,0.0000013176237446339773,0,0,0,0,0,0,0,0.000276611162623988,0,0,0,"cluster_0",0.025892701911388687
"Other fruits, n.e.c.",0,0,0,0,0,0,0,0,0,0,0,0,0,0,0,0,0.000009223366212437841,0,0,0,0,0,0,0,0.000027271523075604454,0,0,0,"cluster_0",0.026264470294649452
"Other live animals non food, n.e.c.",0,0.00011776857983360282,0.00003354053933187246,0,0.0000033966122189727965,0,0.000029055993133845316,0,0,0,0,0,0,0,0,0,0.000026352474892679544,0.00008229464913333448,0.0000017597361803518416,0.000023582595319036233,0,0.00000487552777588174,0,0.000012292325549949864,0,0,0.000020458493436543334,0,"cluster_0",0.02620321285658426
"Other live animals, n.e.c.",0,0.0000024535120798667254,0.000002236035955458164,0.00007573821087411363,0.000013586448875891186,0.000002030803223290876,0.000002235076394911178,0,0.0001801964140913596,0,0,0,0,0,0.000027965613481662945,0.0006925654603409486,0,0,0,0,0,0,0,0.00001756046507135695,0.0006623084175503939,0,0,0,"cluster_0",0.02594804771863689
"Other manufactured tobacco and manufactured tobacco substitutes; 'homogenized' or 'reconstituted' tobacco; tobacco extracts and essences",0,0.0043574374538433045,0.00437145029292071,0,0,0.0028471861190538083,0.00430699221299384,0.0027822821541350173,0,0,0,0,0.000010519302920859778,0.00008785752343811997,0.004096962375063622,0.00008603297643986941,0,0,0,0,0.005985368652960983,0.003841915887394811,0.0008866465774230294,0.0008411462769179978,0,0,0.0023899240059961986,0,"cluster_0",0.01917375131461115
"Other meat and edible meat offal, salted, in brine, dried or smoked; edible flours and meals of meat or meat offal",0,0,0,0,0,0,0,0,0,0,0,0,0,0,0,0,0,0,0,0,0,0,0,0,0,0,0,0,"cluster_0",0.026271474356118915
"Other meat of mammals, fresh or chilled",0,0,0,0,0,0,0,0,0.000027029462113703936,0.000006814727990132274,0,0,0,0,0,0,0,0,0,0.000010884274762632108,0,0.000029253166655290438,0,0,0,0,0,0,"cluster_0",0.026256988743609013
"Other non-alcoholic caloric beverages",0.000010442737250288046,0.0001153150677537361,0.0011985152721255758,0.00001893455271852841,0.0002938069569411469,0.00003249285157265401,0.00003576122231857885,0.00012327766872445545,0,0,0.00010489395876356247,0.00014120803473717655,0.000021038605841719556,0.0000028341136592941925,0.000013982806740831473,0,0.00007905742467803864,0.00041147324566667237,0.0005912713565982188,0.0002757349606533467,0.000022071423125233255,0.00005606856942264001,0.00041201799953143053,0.00090963209069629,0,0.0003472287392781396,0.00008183397374617333,0,"cluster_0",0.025253697898357498
"Other nuts (excluding wild edible nuts and groundnuts), in shell, n.e.c.",0.025288828707780885,0.06139423277450507,0.038195966191136355,0.01677364688952635,0.008832890075438757,0.05515864634780348,0.060206252849722405,0.028069376878799086,0.004504910352283989,0.0037481003945727506,0.005939620414986724,0.00848660288770431,0.005890809635681476,0.009559465372799312,0.008546291479996197,0.02017043132632738,0.008872878296365202,0.017430463878935428,0.02082295822210334,0.024689163253237167,0.06252633522077443,0.052448490049047815,0.04143810439405078,0.028003673649292928,0.015790211860774978,0.026556742181096993,0.029064079721169332,0,"cluster_0",-0.10645958896098648
"Other oil of vegetable origin, crude n.e.c.",0.000024366386917338775,0.0006820763582029496,0.0002034792719466929,0,0.000016983061094863984,0,0.000040231375108401204,0.000026552113263728867,0,0,0,0,0.00014727024089203689,0.000008502340977882578,0,0,0,0,0,0.0000399090074629844,0,0,0.0000989651077305887,0.000166824418177891,0,0.000031281868403436,0.00010415233022240242,0,"cluster_0",0.025966325732671085
"Other oil seeds, n.e.c.",0.00009398463525259242,0.00011040804359400264,0.000049192791020079604,0.000014200914538896306,0.000022077979423323178,0.00008732453860150767,0.0001542202712488713,0.000017069215669539985,0.0002702946211370394,0.0002112565676941005,0.000026223489690890616,0.00017651004342147069,0.001998667554963358,0.0000028341136592941925,0,0,0.005922718732129728,0.00014401563598333533,0.0005050442837609785,0.00025033831954053847,0.00004213635323908167,0.000046317513870876525,0.0001696544703952949,0.000001756046507135695,0.000003895931867943494,0.00017205027621889802,0.00030873726458783575,0,"cluster_0",0.024214311394117984
"Other pulses n.e.c.",0.005677368151739934,0.008619187936571807,0.01888779571575511,0.002603500998797656,0.0010614413184289989,0.000294466467377177,0.012471726283604373,0.00025224507600542424,0,0,0,0,0.0011115396753041832,0.0008303953021731984,0.001624802143284617,0.00418980595262164,0.00031886494620142247,0.01266994702281962,0.0005208819093841451,0.0012970427425469928,0.007361822858770984,0.006091971955964234,0.0003191119800292452,0.02459694342544968,0.0007168514637016027,0.00043168978396741683,0,0,"cluster_0",0.004768624352743522
"Other raw skins of other animals, fresh",0,0,0,0,0,0,0,0,0.0016848364717542122,0.0003884394954375396,0.0013308421018126987,0.001546227980372083,0.00012623163505031732,0,0,0,0,0,0,0,0,0,0,0,0,0,0,0,"cluster_0",0.025279983052974242
"Other raw skins of other animals, preserved",0.0005813123735993679,0.0014132229580032338,0.0017239837216582441,0.0007479148323818721,0.0007234784026412057,0.0005706557057447362,0.0001944516463572725,0.0016120925910121098,0,0,0,0,0,0.0001445397966240038,0.00008669340179315513,0,0.0007233754358040535,0.0005246283882250073,0.0006845373741568663,0.002028103197437116,0.00024278565437756583,0.0002510896804579096,0.0033425970060025367,0.001260841392123429,0,0.002469703510451272,0.0027339986683380633,0,"cluster_0",0.022033721490821907
"Other stimulant, spice and aromatic crops, n.e.c.",0.0001949310953387102,0,0,0.000052070019975953123,0.0000033966122189727965,0.000040616064465817516,0.00008493290300662476,0,0.0003603928281827192,0.0004565867753388624,0.00020323204510440228,0,0.00021739892703110208,0.00010202809173459093,0.00032999423908362276,0.00009893792290584981,0.000025034851148045566,0.000004571924951851916,0,0,0.0000040129860227696834,0,0,0,0.0002805070944919315,0,0,0,"cluster_0",0.025796559810431496
"Other tropical fruit, dried",0,0,0,0,0,0,0,0,0.00006306874493197586,0.001989900573118624,0.0010620513324810699,0.00041656370247467083,0,0,0,0,0,0,0,0,0,0,0,0,0,0,0,0,"cluster_0",0.025587132587381566
"Other tropical fruits, n.e.c.",0,0,0,0.000002366819089816051,0,0,0,0,0.0000450491035228399,0.00014310928779277774,0,0,0,0.00013887156930541544,0,0,0,0,0,0,0,0,0,0,0,0,0,0,"cluster_0",0.026208162440562878
"Other vegetables provisionally preserved",0,0,0,0.00008757230632319388,0,0,0,0,0,0,0,0,0.00008064798905992496,0,0,0,0,0,0,0.000005442137381316054,0.000046149339261851354,0.0001608924166040974,0,0,0,0.0000015640934201718001,0,0,"cluster_0",0.026197839492276925
"Other vegetables, fresh n.e.c.",0,0,0,0,0.0000033966122189727965,0,0.00014527996566922658,0,0,0.00003407363995066137,0.00005900285180450389,0.00006354361563172944,0.00015077667519899015,0.00001133645463717677,0,0,0,0,0,0,0.0000020064930113848417,0,0,0,0,0,0,0,"cluster_0",0.02618124972068256
"Palm kernels",0,0,0,0.000009467276359264204,0,0,0,0,0,0,0,0,0,0,0,0,0,0,0,0,0,0,0,0,0,0,0,0,"cluster_0",0.02626965415752074
"Palm oil",0,0.0002453512079866725,0.00014087026519386432,0,0,0,0.0031313420292705604,0,0,0,0,0,0,0,0,0,0,0,0,0.000023582595319036233,0.000006019479034154525,0.000031690930543231307,0,0,0,0,0.0000018598630396857575,0,"cluster_0",0.02557508880470714
"Paste of tomatoes",0,0,0,0,0,0,0,0,0,0,0,0,0,0.00001133645463717677,0.000013982806740831473,0,0,0,0,0,0,0,0,0,0,0,0,0,"cluster_0",0.026266688234187575
"Pastry",0.00017056470842137143,0.00004416321743760106,0.00008273333035195206,0.0010698022285968551,0.0010257768901297845,0.000008123212893163503,0.0001229292017201148,0.00010431187353607769,0,0,0.000039335234536335925,0.0001270872312634589,0.00036817560223009223,0.00009919397807529674,0.000022372490785330357,0.000043016488219934705,0.0011660970140010699,0.0013990090352666862,0.0027381494966274653,0.0005641682418630976,0.000030097395170772624,0.00014139030550057045,0.0007412284599413481,0.00004214511617125668,0.0002337559120766096,0.0004442025313287912,0.00008927342590491637,0,"cluster_0",0.024166239313924778
"Pears",0,0,0,0,0,0,0,0,0,0,0,0,0,0,0,0,0,0,0,0,0,0,0,0,0,0,0,0,"cluster_0",0.026271474356118915
"Peas, dry",0.010877851302383381,0.026235404670014895,0.024491301820133267,0.02761131150179405,0.018778170652591106,0.022675948791265922,0.048092138789303816,0.02571192853688373,0,0,0,0,0.003685262456607875,0.004956864790105543,0.003285959584095396,0.005424379164533766,0.014203983967154275,0.02265045919271235,0.020824717958283695,0.029899102772950402,0.04862334514488886,0.033009760806607315,0.11396337079196323,0.019664208786905512,0.006673731289787204,0.03038720696709773,0.05912504603161023,0,"cluster_0",-0.09329616935326379
"Peas, green",0,0,0.000002236035955458164,0.0009514612741060524,0.00015284754985377586,0,0.0019109903176490572,0.000047414487970944404,0,0,0,0,0,0.0003939417986418928,0.000005593122696332589,0.0001290494646598041,0.00047170930057896385,0.00023431115378241067,0.0011807829770160857,0.0013895590780293658,0.000008025972045539367,0.000655758485856094,0.008987647538798361,0.00019843325530633353,0.000003895931867943494,0.0000093845605210308,0.0012888850865022299,0,"cluster_0",0.02278890845550743
"Pepper (Piper spp.), raw",0.003961278330275932,0.0029147723508816696,0.0014332990474486829,0.0016615070010508677,0.004485226435153578,0.0025425656355601766,0.0023803563605804046,0.003851953002759523,0.0037210559509865755,0.003311957803204285,0.004457993247451404,0.006657958837857874,0.001991654686349451,0.012481436555531623,0.00478491646671253,0.0023831134473843827,0.0033256823314561585,0.0036049628245352354,0.0032379145718473886,0.005474790205603951,0.0016272658322331066,0.0008751572357707723,0.002397379242371608,0.0011361620901167947,0.0014142232680634881,0.0027027534300568708,0.005393602815088697,0,"cluster_0",0.008165653558376009
"Pig fat, rendered",0,0,0,0,0,0.0001259097998440343,0,0,0,0,0,0,0,0,0,0,0,0,0,0,0,0,0,0,0,0,0,0,"cluster_0",0.026247378870975367
"Pig meat preparations",0,0,0,0,0,0,0,0,0,0,0,0,0,0.00001133645463717677,0,0,0,0,0,0,0,0,0,0,0,0,0,0,"cluster_0",0.02626933242263085
"Pigeon peas, dry",0,0.08603976161676632,0.07068109655203256,0,0,0.005397874967507149,0.05568022315002727,0.00033000483627777306,0.04460762230831607,0.07915306560538636,0.023286458845510866,0.015801179087090056,0,0,0,0,0,0,0,0,0.015381775425276195,0.004814583678683218,0,0.15448819146526277,0,0,0.0014860305687089202,0,"cluster_0",-0.08095609128135473
"Pineapples",0,0,0,0,0,0,0,0,0,0,0,0,0,0,0,0,0,0,0.0000035194723607036832,0,0,0,0,0,0,0,0,0,"cluster_0",0.02627077850835142
"Pineapples, otherwise prepared or preserved",0,0,0,0,0,0,0.000002235076394911178,0,0,0,0,0,0,0,0,0,0,0,0,0.0008634857978354806,0,0,0,0,0,0.000148588874916321,0,0,"cluster_0",0.026074927265487432
"Pistachios, in shell",0,0,0,0,0,0,0,0.0000398281698955933,0,0,0,0,0,0,0,0,0,0,0,0,0,0,0,0,0,0,0,0,"cluster_0",0.026263914750637874
"Plantains and cooking bananas",0,0,0,0,0,0,0,0.0000018965795188377762,0,0,0,0,0,0,0,0,0,0,0,0,0,0.00000243776388794087,0.000008078784304537853,0,0,0,0.00002231835647622909,0,"cluster_0",0.026264805854855862
"Plums, dried",0,0,0,0,0,0,0,0,0,0,0,0,0,0,0,0,0,0,0,0,0,0,0,0,0,0,0,0,"cluster_0",0.026271474356118915
"Poppy seed",0,0,0,0,0,0,0,0,0,0,0,0,0,0,0,0.00001720659528797388,0,0,0,0,0,0,0,0,0,0,0,0,"cluster_0",0.026268181090271948
"Potatoes",0.000003480912416762682,0.00018155989391013767,0.000011180179777290819,0.00011834095449080255,0.00012737295821147986,0.000028431245126072265,0.00007375752103206888,0,0,0,0,0.000007060401736858827,0,0,0,0.00000860329764398694,0.00009750415710291432,0.0001565884296009281,0.00011614258790322155,0.00006349160278202063,0.00001203895806830905,0,0.003078016820028922,0,0.000003895931867943494,0.000007820467100859,0.0000018598630396857575,0,"cluster_0",0.025481063764955857
"Potatoes, frozen",0,0,0,0,0,0,0.000002235076394911178,0,0,0,0,0,0,0,0,0,0,0,0.0000017597361803518416,0,0,0,0,0,0,0,0,0,"cluster_0",0.0262706912330141
"Poultry meat preparations",0,0,0,0,0.000005094918328459195,0,0,0,0,0,0,0,0,0,0,0,0.000003952871233901932,0.000012572793617592767,0.0000070389447214073665,0,0,0,0,0,0,0,0,0,"cluster_0",0.026265976919868983
"Prepared groundnuts",0.0002889157305913026,0,0.00028174053038772863,0.000033135467257424715,0.00004925087717510555,0,0,0,0,0,0,0,0,0,0.0000027965613481662946,0.000060223083507908585,0.00008828079089047647,0.00007657974294351958,0.0010188872484237163,0.00014512366350176144,0,0.00000243776388794087,0.0003393089407905898,0,0,0.0000140768407815462,0,0,"cluster_0",0.02580250613316085
"Prepared nuts",0.000038290036584389504,0.0000024535120798667254,0.00009614954608470104,0.0031407689321858996,0.0017917129455081503,0.00030055887704704965,0,0.00006638028315932216,0,0,0,0,0,0,0,0.00001290494646598041,0.0011463326578315602,0.0012561363805213138,0.0011649453513929192,0.0006965935848084549,0.0003190323888101898,0,0.00004443331367495819,0.00001404837205708556,0,0.00014233250123563381,0.00004091698687308667,0,"cluster_0",0.024301187203474087
"Pumpkins, squash and gourds",0,0.00002698863287853398,0,0,0,0,0.000004470152789822356,0,0,0,0,0,0,0,0,0,0,0,0,0,0,0,0,0,0,0,0,0,"cluster_0",0.026265401775844258
"Pyrethrum, dried flowers",0,0,0,0,0,0,0,0,0,0,0,0,0,0,0,0,0,0,0,0,0,0,0,0.00002107255808562834,0,0,0,0,"cluster_0",0.026267497056226857
"Quinoa",0,0,0,0,0,0,0.000002235076394911178,0,0,0,0,0,0,0,0,0,0,0,0,0,0,0,0,0,0,0,0,0,"cluster_0",0.02627103915689785
"Raisins",0,0,0,0,0,0,0,0,0,0,0.000019667617268167962,0,0,0,0,0,0,0,0,0,0,0,0,0,0,0,0,0,"cluster_0",0.026267660618930933
"Rape or colza seed",0,0,0,0,0,0,0.0002950300841282755,0,0,0,0,0,0,0,0,0,0,0,0.000017597361803518417,0,0,0,0,0,0,0,0,0,"cluster_0",0.026210548820100675
"Rapeseed or canola oil, crude",0,0,0,0,0,0,0.000002235076394911178,0,0,0,0,0,0,0,0,0,0,0,0,0,0,0,0,0,0,0,0,0,"cluster_0",0.02627103915689785
"Raw cane or beet sugar (centrifugal only)",0.4133270212788176,0.050679745521727076,0.09340369393139841,0.14330142861200262,0.0861533706281355,0.06942706979464518,0.16567727284918599,0.06311626980740236,0.16202360573024596,0.15144370012470953,0.1558724227226538,0.13534790129558372,0.037048984887268134,0.06230798879958282,0.0711724863108322,0.11968477517432433,0.09242076469611643,0.11800595493224979,0.3377778403461753,0.20307879852118987,0.16906308815326399,0.18034577242986555,0.18930611321608323,0.016554250422768195,0.20325076555061206,0.13541764422505428,0.15010396634391843,0,"cluster_1",-0.7055486702865124
"Raw hides and skins of sheep or lambs, with wool",0,0,0,0,0.00004755257106561915,0,0,0,0,0,0,0,0,0,0,0,0,0,0,0,0,0,0,0,0,0,0,0,"cluster_0",0.026262535907170478
"Raw milk of cattle",0.000003480912416762682,0,0,0,0,0.000020308032232908758,0.00013633966008958187,0.000026552113263728867,0,0,0,0,0,0,0,0.00000860329764398694,0.00003294059361584943,0,0.000029915515065981308,0,0,0,0,0.000001756046507135695,0,0,0,0,"cluster_0",0.026221180954500177
"Refined cane or beet sugar, in solid form, containing added flavouring or colouring matter; maple sugar and maple syrup",0,0,0,0,0,0,0,0,0,0,0,0,0,0,0,0,0,0,0,0,0,0,0,0,0,0,0,0,"cluster_0",0.026271474356118915
"Refined sugar",0.05741765031450044,0.004816244212778382,0.0010844774383972093,0.0010082649322616377,0.00002717289775178237,0.007731267871068365,0.004360634046471708,0.002431414943150029,0.039670240562212813,0.044840910175070366,0.07338643589995739,0.03193419705581248,0.012542515515971808,0.005648388522973326,0.03681673014860927,0.030989078113640958,0,0.0005326292568907481,0.03903974716110561,0,0.002301447484058413,0.004739012998157051,0.008908879391829118,0,0.039352807798097224,0.0000015640934201718001,0,0,"cluster_0",-0.06105863040756106
"Residues of fatty substances",0,0,0,0,0,0,0,0,0.00017118659338679162,0,0.00043268757989969517,0.000028241606947435307,0,0,0,0,0,0,0,0,0,0,0,0,0,0,0,0,"cluster_0",0.02614813992467894
"Rice",0.000006961824833525364,0,0.000002236035955458164,0.0002556164617001335,0.00004075934662767356,0.000026400441902781387,0.000004470152789822356,0.00014034688439399544,0,0,0,0,0.00013675093797117712,0.002488351792860301,0.00005593122696332589,0,0.00048752078551457154,0.000037718380852778304,0.0000017597361803518416,0,0.0000040129860227696834,0.000017064347215586088,0.000014137872532941242,0.0000351209301427139,0.00003116745494354795,0.000010948653941202601,0,0,"cluster_0",0.025552417200488852
"Rice, broken",0.000006961824833525364,0.000007360536239600176,0,0.00004260274361668892,0.000015284754985377586,0.000010154016116454379,0.00007599259742698005,0.000017069215669539985,0,0,0,0,0,0,0,0.00000430164882199347,0.00033072355990312825,0,0,0,0,0.00000975105555176348,0,0,0,0,0,0,"cluster_0",0.02617230082713643
"Rice, milled",0.0006578924467681469,0.0006796228461230829,0.0021913152363490004,0.0033159135448322876,0.0016082958856836191,0.00024775799324148687,0.0019422813871778138,0.000007586318075351105,0.005432921884854491,0,0.022519421772052316,0.010851837469552017,0.001083488200848557,0.002547868179705479,0.006977420563674905,0.0030541706636153638,0.0012043081025954552,0.0014927334967796504,0.0011315103639662342,0.0025414781570745975,0.00019462982210432964,0.0004022310415102435,0.00008684693127378191,0.00012467930200663434,0.004643950786588644,0.0007413802811614333,0.0001618080844526609,0,"cluster_0",0.011624660751839887
"Rice, paddy (rice milled equivalent)",0.0006718160964351976,0.0006943439186022833,0.0021957873082599166,0.0036543686746759825,0.0017543502110994496,0.0002863432544840135,0.0020249792137895274,0.0002844869278256664,0.005432921884854491,0,0.022519421772052316,0.010851837469552017,0.0012202391388197343,0.00503621997256578,0.00703335179063823,0.0030584723124373572,0.014161820007325987,0.0016458929826666895,0.0012511724242301593,0.0028607502167784724,0.00019864280812709932,0.0004363597359414157,0.00010098480380672316,0.00016155627865648394,0.004679014173400136,0.0007523289351026359,0.0001618080844526609,0,"cluster_0",0.008348583821289418
"Rye",0,0,0,0,0,0,0,0,0,0,0,0,0,0,0,0,0,0,0,0,0,0,0,0,0,0,0,0,"cluster_0",0.026271474356118915
"Safflower seed",0.00006961824833525364,0,0,0.00007100457269448153,0,0,0,0,0,0,0,0,0,0.00008218929611953159,0.000008389684044498884,0.00007742967879588247,0,0,0,0,0,0,0,0,0,0,0,0,"cluster_0",0.026212054469823165
"Sausages and similar products of meat, offal or blood of pig",0,0,0,0,0,0,0.000002235076394911178,0,0,0,0,0,0,0,0,0,0,0,0,0.00002902473270035229,0,0,0,0.00001404837205708556,0,0,0,0,"cluster_0",0.0262627506654682
"Sesame seed",0,0.006913997041064432,0.013154599525960377,0,0.000208891651466827,0.0013342377177021055,0.008486585071477743,0.000254141655524262,0,0,0,0,0,0.00005668227318588385,0.000008389684044498884,0,0.0005059675179394473,0.00005829204313611192,0,0.00001814045793772018,0.0043761612578303395,0.00695250260840736,0.0014238857336747966,0.012768214153383637,0,0.0012231210545743476,0.0016980549552330967,0,"cluster_0",0.014844244547627727
"Sheep",0,0,0,0,0,0,0,0,0,0,0,0,0,0,0,0,0,0,0,0.00005260732801938853,0,0,0,0,0,0.0000281536815630924,0,0,"cluster_0",0.02625587397000444
"Shorn wool, greasy, including fleece-washed shorn wool",0,0,0,0,0,0,0,0,0,0,0,0,0,0,0,0,0,0,0,0,0,0,0,0,0,0,0,0,"cluster_0",0.026271474356118915
"Sisal, raw",0,0,0,0.000002366819089816051,0,0,0,0,0,0,0,0,0,0,0,0,0,0,0,0,0,0,0,0,0,0,0,0,"cluster_0",0.02627101930646937
"Skim milk and whey powder",0,0,0,0.000014200914538896306,0.0000033966122189727965,0.000004061606446581752,0,0.0000018965795188377762,0,0,0,0,0,0,0,0,0,0.000004571924951851916,0,0,0,0,0,0,0,0,0.0000018598630396857575,0,"cluster_0",0.026265739556455076
"Skim milk of cows",0,0.0000024535120798667254,0,0,0,0.0000060924096698726275,0,0,0,0,0,0,0,0,0,0,0.000031622969871215454,0.00019202084797778046,0.0009097836052419021,0.0005913789287696779,0.0000020064930113848417,0.00000243776388794087,0,0.000001756046507135695,0,0.0005443045102197865,0,0,"cluster_0",0.025827194843614974
"Skins, dry-salted of sheep",0.00011138919733640583,0,0,0,0,0,0,0,0,0,0,0,0,0,0.00004194842022249442,0.000060223083507908585,0.00006851643472096682,0.000028574530949074472,0.000021116834164222098,0,0,0,0,0,0,0,0,0,"cluster_0",0.02620728292509706
"Skins, furs",0,0,0,0,0,0,0,0,0,0,0,0,0,0,0,0,0,0,0,0,0,0,0,0,0,0,0,0,"cluster_0",0.026271474356118915
"Skins, goat, dry salted",0,0,0,0.000745548013292056,0,0,0,0,0.00084692314622939,0.0007019169829836242,0.000721145966499492,0.0010237582518445299,0.00008415442336687822,0,0,0,0,0,0,0,0,0,0,0,0,0,0,0,"cluster_0",0.02546981205443633
"Skins, pig, wet salted",0,0,0,0.000002366819089816051,0,0,0,0,0,0,0,0,0,0,0,0,0,0,0,0,0,0,0,0,0,0,0,0,"cluster_0",0.02627101930646937
"Skins, wet-salted of calves",0,0,0,0,0,0,0,0,0,0,0,0,0,0.000073686955141649,0,0.00008603297643986941,0,0,0,0,0,0,0,0,0.000003895931867943494,0,0,0,"cluster_0",0.026240334307181243
"Skins, wet-salted of goats",0.00015316014633755802,0,0,0,0,0,0,0,0,0,0,0,0,0.0000028341136592941925,0.00010067620853398661,0.0007398835973828769,0,0,0,0,0,0,0,0,0.00026102743515221406,0,0,0,"cluster_0",0.026029530125281884
"Sorghum",0,0.0007188790394009506,0.000058136934841912256,0.000002366819089816051,0,0.000245727190018196,0.0009230865510983165,0.0002863835073445042,0.0002072258762050635,0.00008859146387171957,0.000039335234536335925,0,0.00003506434306953259,0,0,0.000043016488219934705,0.0000013176237446339773,0.000051434155708334046,0.0004064990576612754,0.0003428546550229114,0.000008025972045539367,0.00005119304164675826,0.00009290601950218532,0.00008429023234251336,0,0.0003175109642948754,0.00009671287806365938,0,"cluster_0",0.02547782484405822
"Soya bean oil",0,0,0.004957291713250749,0,0.0010427599512246486,0.002227791135950091,0,0,0,0,0,0,0,0.00003400936391153031,0.000050338104266993305,0,0,0.00017259016693240982,0,0,0,0.000060944097198521744,0,0,0,0,0,0,"cluster_0",0.024634434152363383
"Soya beans",0.002662897998823452,0.06044227008751678,0.09009212468136488,0.007663760212824373,0.00014265771319685745,0.04555903951130751,0.24154917615084084,0.03661726077020094,0,0,0,0,0.004120060310670079,0.007156136989717836,0.0032048593049985737,0.00001290494646598041,0.005863425663621198,0.008000868665740853,0.005289766958137636,0.01530873245364206,0.034844757635709156,0.03253927237623473,0.011053796624683917,0.012970159501704243,0.00001168779560383048,0.02325963325137484,0.0067773409166149,0,"cluster_0",-0.10025500353889528
"Soya sauce",0,0,0,0,0,0,0,0.0000018965795188377762,0,0,0,0,0,0,0.000011186245392665178,0,0,0,0,0,0,0,0,0,0,0,0,0,"cluster_0",0.02626899902415091
"Spermaceti",0,0,0,0,0,0,0,0,0,0,0,0.0002753556677374943,0,0,0,0,0,0,0,0,0,0,0,0,0,0,0,0,"cluster_0",0.026217973916992505
"Starch of cassava",0.00003132821175086414,0.000009814048319466902,0.000002236035955458164,0,0,0.000002030803223290876,0.00001117538197455589,0,0,0,0,0,0,0,0,0,0.000013176237446339772,0.000045719249518519155,0.000015837625623166575,0,0.0000020064930113848417,0.000012188819439704349,0.000026256048989748023,0,0,0.0000172050276218898,0,0,"cluster_0",0.026234888745912104
"Strawberries",0,0,0,0,0,0,0,0,0,0,0,0,0,0,0,0,0,0,0,0,0,0,0,0,0,0,0,0,"cluster_0",0.026271474356118915
"Sugar and syrups n.e.c.",0,0,0,0,0,0,0.000026820916738934138,0.0000018965795188377762,0,0,0,0,0,0,0.000005593122696332589,0,0,0,0,0,0,0,0,0,0,0,0,0,"cluster_0",0.026264834308875423
"Sugar cane",0,0,0,0,0,0,0,0,0,0,0,0,0,0,0,0,0,0,0,0,0,0.00016820570826792,0.00014945750963395028,0,0,0,0,0,"cluster_0",0.026209869904717308
"Sugar confectionery",0,0.0005422261696505464,0.0016971512901927462,0.00007573821087411363,0,0.000002030803223290876,0.000002235076394911178,0.00003034527230140442,0,0,0.0004982463041269217,0.00024711406079005896,0.000028051474455626073,0,0,0,0.00007905742467803864,0.00001943068104537064,0.000024636306524925782,0.00007800396913219678,0.00017456489199048122,0.000029253166655290438,0.00013531963710100903,0.0010343113927029242,0,0.0000656919236472156,0.00009113328894460211,0,"cluster_0",0.025339733702502122
"Sunflower seed",0.00027847299334101457,0.0021860792631612524,0.00008944143821832655,0.0756601058441497,0.00027172897751782374,0.0010905413309072003,0.001808176803483143,0.003093321195224413,0.0011082079466618615,0.0007223611669540211,0.0005638050283541483,0.0014191407491086242,0.0037694168799747535,0.0029928240242146674,0.0005677019536777578,0.00035273520340346455,0.00016602059182388112,0.0012538504180453877,0.00031147330392227595,0.0011573612164265475,0.0005277076619942133,0.001309079207824247,0.0004261558720643717,0.0009236804627533755,0.00012856575164213528,0.0010620194322966522,0.0004965834315960973,0,"cluster_0",0.006343653461609168
"Sunflower-seed oil, crude",0.000027847299334101457,0.000017174584559067078,0.0000737891865301194,0,0.00002037967331383678,0,0,0.00011000161209259101,0.00005405892422740787,0,0,0.000007060401736858827,0,0.000042511704889412885,0,0.00001720659528797388,0,0,0,0.00017596244199588574,0.0000020064930113848417,0.000060944097198521744,0,0.00005619348822834224,0.0001129820241703613,0,0,0,"cluster_0",0.026121490411832222
"Sweet corn, frozen",0,0,0,0,0.0000016983061094863982,0,0,0,0,0,0,0,0,0,0,0,0,0,0,0,0,0,0,0,0,0,0,0,"cluster_0",0.026271155125799327
"Sweet corn, prepared or preserved",0,0,0,0,0,0,0,0,0,0,0,0,0,0,0,0,0,0,0,0,0,0,0,0,0,0,0,0,"cluster_0",0.026271474356118915
"Sweet potatoes",0,0.00006624482615640159,0.00006260900675282859,0,0,0.000022338835456199636,0.00014527996566922658,0,0,0,0,0,0,0,0,0,0,0,0,0,0.0000020064930113848417,0.000058506333310580876,0,0.000031608837128442507,0,0,0,0,"cluster_0",0.026196352244605942
"Swine / pigs",0,0,0,0,0,0,0,0,0,0,0,0,0,0.000005668227318588385,0,0,0.0000013176237446339773,0,0,0.00004897923643184449,0,0,0.00017975295077596724,0,0,0.0001126147262523696,0,0,"cluster_0",0.02620439096922537
"Tangerines, mandarins, clementines",0,0,0,0,0,0,0,0,0,0,0,0,0,0,0,0,0,0,0,0,0,0,0,0,0,0,0,0,"cluster_0",0.026271474356118915
"Tapioca of cassava",0,0,0,0,0,0,0,0,0,0,0.00006555872422722654,0,0,0,0,0,0,0,0,0,0,0,0,0,0,0,0,0,"cluster_0",0.026258761898825648
"Tapioca of potatoes",0,0,0,0,0,0,0.000004470152789822356,0,0,0,0,0,0,0,0,0,0,0,0,0,0,0,0,0,0,0,0,0,"cluster_0",0.02627060395767678
"Tea leaves",0.14643850446078926,0.18713672686767474,0.157803765484549,0.13115491304306665,0.06260295980788762,0.17817048999220172,0.1612831126567906,0.13493025328819475,0.3328948553923777,0.18618518341840387,0.19786934146261514,0.2504042079994352,0.12397699779094638,0.12124905057192414,0.11859098053033988,0.1593502789619261,0.10309351702765164,0.13806070373354823,0.15197433600754576,0.15295671323926902,0.1606940058027778,0.18148908369330982,0.13458446772929608,0.12182221433952456,0.13281231737819368,0.1159040147149909,0.12330891953116573,0,"cluster_1",-0.778036168825395
"Tomato juice",0,0,0,0,0.0000033966122189727965,0,0,0,0,0,0,0,0,0,0,0,0,0,0,0,0,0,0,0,0,0,0,0,"cluster_0",0.026270835895479742
"Tomatoes",0,0.00011040804359400264,0.000011180179777290819,0,0,0,0.000013410458369467069,0,0,0,0,0,0,0,0.00011186245392665178,0,0,0.0000034289437138889365,0,0.00000907022896886009,0,0,0,0.00000351209301427139,0,0,0,0,"cluster_0",0.026221197644473546
"Tomatoes, peeled (o/t vinegar)",0,0,0,0,0,0,0,0,0,0,0,0,0,0,0,0,0,0,0,0,0,0,0,0,0,0,0,0,"cluster_0",0.026271474356118915
"True hemp, raw or retted",0,0,0,0,0,0,0,0,0,0,0,0,0,0,0,0,0,0,0,0,0,0,0,0.0004161830221911597,0,0,0,0,"cluster_0",0.026192922683250762
"Uncooked pasta, not stuffed or otherwise prepared",0,0.00007851238655573521,0,0,0,0,0,0,0,0,0,0,0,0,0,0,0,0,0.0001143828517228697,0,0,0,0,0,0.00003116745494354795,0,0,0,"cluster_0",0.026227716467555614
"Undenatured ethyl alcohol of an alcoholic strength by volume of less than 80% vol; spirits, liqueurs and other spirituous beverages",0.00021929748225604898,0.0000024535120798667254,0.000122981977550199,0.002508828235205014,0.005098314940678168,0.00040819144788146604,0.00003576122231857885,0.010467222364465687,0.00008108838634111182,0.00005451782392105819,0.00024912315206346086,0.00017651004342147069,0.00009818016059469126,0.007073947693598304,0.0072319076463580375,0.0004860863168852621,0.0012267077062542329,0.002916888119281522,0.0030707396347139635,0.0017650665573401736,0.00017055190596771154,0.00010969937495733914,0.004174711789369936,0.00012467930200663434,0.0006701002812862809,0.003076571757477931,0.00992980876888226,0,"cluster_0",0.01452432295728406
"Unmanufactured tobacco",1,1,1,1,1,1,1,1,1,1,1,1,1,1,0.9999999999999999,1,0.9999999999999999,1,1,1,1,1,1,1,1,1,1,0,"cluster_2",-5.1693040752711
"Vanilla, raw",0,0,0,0,0,0,0,0,0,0.00005451782392105819,0,0.00035302008684294137,0,0,0,0,0,0,0,0,0,0.00016333018049203828,0,0,0,0,0,0,"cluster_0",0.02616054760953907
"Vegetable products for feed n.e.c.",0,0,0,0,0,0.00020511112555237848,0.0000067052291847335345,0,0,0,0,0,0,0,0,0,0,0.000002285962475925958,0,0,0,0.00000487552777588174,0,0,0,0,0.000011159178238114546,0,"cluster_0",0.026227394303947493
"Vegetable products, fresh or dry n.e.c.",0,0,0,0.000014200914538896306,0.00002717289775178237,0,0,0,0,0,0.000013111744845445308,0,0,0,0,0,0,0,0,0,0,0,0,0,0.00006623084175503939,0.0000766405775884182,0,0,"cluster_0",0.026233669487560958
"Vegetables frozen",0.00020885474500576093,0.00011286155567386937,0.004266356603014177,0.0002556164617001335,0,0.0027253379256563554,0.000004470152789822356,0.0006088020255469261,0,0,0,0,0.00008064798905992496,0,0.00008669340179315513,0,0.000036893464849751364,0.000001142981237962979,0.00007566865575512919,0.0016580378555076246,0.00026485707750279906,0.000655758485856094,0,0.0011870874388237298,0.000007791863735886988,0.001620400783297985,0.00027711959291317785,0,"cluster_0",0.023556935620791683
"Vegetables preserved nes (o/t vinegar)",0,0.00018155989391013767,0.002034792719466929,0.001394056443901654,0.00016983061094863984,0,0.0005319481819888604,0.0000018965795188377762,0,0,0,0,0.00003857077737648585,0,0,0,0.00002371722740341159,0.00004114732456666724,0.0003167525124633315,0.0003065737391474711,0.000008025972045539367,0.000026815402767349566,0,0.000166824418177891,0.00026102743515221406,0.000043794615764810405,0,0,"cluster_0",0.025202295814830616
"Vegetables, dehydrated",0,0.0007164255273210839,0.0008072089799203971,0,0,0,0.0007085192171868434,0,0.00005405892422740787,0.00002044418397039682,0,0,0.00007012868613906518,0,0,0,0,0,0,0.0000072561831750880725,0,0,0.000026256048989748023,0.00015453209262794116,0,0.0000062563736806872005,0,0,"cluster_0",0.025775366024053656
"Vegetables, pulses and potatoes, preserved by vinegar or acetic acid",0,0,0,0,0,0,0,0,0,0,0,0,0.0009502436971843332,0,0.00023770771459413504,0,0,0,0,0,0,0,0,0,0,0.0000015640934201718001,0,0,"cluster_0",0.026047311828685686
"Vermouth and other wine of fresh grapes flavoured with plats or aromatic substances",0,0,0,0,0,0,0,0,0,0,0,0,0,0,0,0,0,0,0,0,0,0,0,0,0,0,0,0,"cluster_0",0.026271474356118915
"Walnuts, in shell",0,0,0,0,0,0,0,0,0,0,0,0,0,0,0,0,0,0,0,0,0,0,0,0,0,0,0,0,"cluster_0",0.026271474356118915
"Watermelons",0,0,0,0,0,0,0,0,0,0,0,0,0,0,0,0,0,0,0,0,0,0,0,0,0,0,0,0,"cluster_0",0.026271474356118915
"Wheat",0,0.00015947828519133716,0,0.0010319331231597982,0.0012720312760053124,0,0,0,0,0,0,0,0,0,0,0,0.0003583936585404418,0.000753224635817603,0.001298685301099659,0.0005641682418630976,0,0,0.00015147720571008475,0,0,0,0,0,"cluster_0",0.025196024694258856
"Wheat and meslin flour",0,0,0.00005142882697553777,0.010840031431357514,0.002387818389937876,0,0,0,0,0,0,0,0.001002840211788632,0.000008502340977882578,0,0.00000860329764398694,0.00002767009863731352,0.003458661226075974,0.0009572964821114019,0.00016507816723325365,0,0,0.000002019696076134463,0,0.000003895931867943494,0.00019394758410130322,0,0,"cluster_0",0.022611595028233497
"Whole milk powder",0.00018796927050518484,0,0,0,0.000039061040518187165,0.000002030803223290876,0.0002615039382046078,0,0,0,0,0,0.000017532171534766295,0.000005668227318588385,0,0,0.0000026352474892679546,0.002533989404563924,0.0005912713565982188,0.00005442137381316054,0,0.00032666036098407655,0.000048472705827227116,0,0,0.0002017680512021622,0.000020458493436543334,0,"cluster_0",0.025444031436668086
"Whole milk, condensed",0,0.0000024535120798667254,0.000002236035955458164,0.00004023592452687287,0.000023776285532809576,0,0,0,0,0,0,0,0,0,0,0,0.000003952871233901932,0.0007486527108657512,0.0032273561547652777,0.0017850210610716659,0,0,0.00005049240190336158,0,0,0.0002862290958914394,0,0,"cluster_0",0.025065474146731832
"Whole milk, evaporated",0,0,0,0,0,0.000022338835456199636,0,0.00001896579518837776,0,0,0,0,0,0,0,0,0,0,0.0000017597361803518416,0.00023763999898413437,0,0,0.0013451175867055525,0,0,0.00010948653941202601,0.0002826991820322351,0,"cluster_0",0.02588223705697734
"Wine",0,0,0.000020124323599123472,0.00004496956270650497,0,0,0,0,0,0,0.000006555872422722654,0,0,0.00023523143372141796,0.000142624628756481,0,0.0000013176237446339773,0,0,0,0,0,0.00012320146064420225,0,0,0.000031281868403436,0,0,"cluster_0",0.02615624293048284
"Wool grease and lanolin",0,0,0,0,0,0,0,0,0,0,0,0,0,0,0,0.00000430164882199347,0,0,0,0,0,0,0,0,0,0,0,0,"cluster_0",0.026270651039657176
"Wool, degreased or carbonized, not carded or combed",0,0,0,0,0,0.0000060924096698726275,0,0,0,0,0,0,0,0,0,0,0,0,0,0.0000018140457937720181,0,0,0,0,0,0,0,0,"cluster_0",0.026269956135661937
"Yams",0,0,0,0,0,0,0,0,0,0,0,0,0,0,0,0,0,0,0,0,0,0,0,0,0,0,0,0,"cluster_0",0.026271474356118915
"Yoghurt",0,0,0,0,0,0.000018277229009617884,0.000002235076394911178,0.0000037931590376755523,0,0,0,0,0,0,0,0,0,0,0,0.00002902473270035229,0.0000040129860227696834,0,0,0.000012292325549949864,0,0,0,0,"cluster_0",0.026258086813460278
"Yoghurt, with additives",0,0,0,0,0,0,0,0,0,0,0,0,0,0,0,0,0,0,0,0,0,0,0,0,0,0,0,0,"cluster_0",0.026271474356118915
"hydrogenated oils and fats",0,0,0,0,0,0,0,0,0,0,0,0,0,0,0,0,0,0,0,0,0,0,0,0.00001756046507135695,0,0,0,0,"cluster_0",0.0262681599395422
