"Partner Countries","1998-01-01+Sum(Export Value)","2018-01-01+Sum(Export Value)","2015-01-01+Sum(Export Value)","2001-01-01+Sum(Export Value)","2002-01-01+Sum(Export Value)","2007-01-01+Sum(Export Value)","2009-01-01+Sum(Export Value)","2010-01-01+Sum(Export Value)","2011-01-01+Sum(Export Value)","2013-01-01+Sum(Export Value)","2014-01-01+Sum(Export Value)","2016-01-01+Sum(Export Value)","2019-01-01+Sum(Export Value)","2020-01-01+Sum(Export Value)","2021-01-01+Sum(Export Value)","2022-01-01+Sum(Export Value)","2023-01-01+Sum(Export Value)","2024-01-01+Sum(Export Value)","1992-01-01+Sum(Export Value)","1997-01-01+Sum(Export Value)","1989-01-01+Sum(Export Value)","2003-01-01+Sum(Export Value)","2008-01-01+Sum(Export Value)","2017-01-01+Sum(Export Value)","1986-01-01+Sum(Export Value)","1987-01-01+Sum(Export Value)","1988-01-01+Sum(Export Value)","1993-01-01+Sum(Export Value)","Cluster","PCA dimension 0"
"Afghanistan",0.0056011005671289795,0.0028299132309673363,0,0,0,0,0,0,0,0,0,0,0,0,0,0,0,0,0,0,0,0,0,0,0,0,0,0,"cluster_1",0.18541693121580524
"Albania",0,0,0.00014910841936304392,0,0,0,0,0,0,0,0,0,0,0,0,0,0,0,0,0,0,0,0,0,0,0,0,0,"cluster_1",0.1869477817008951
"Algeria",0,0.00883412066809909,0.02092780521177781,0.041006600660066006,0.06898204549539654,0.00595627352904788,0.007012063247945404,0.022462091747567914,0.0118672624716138,0.0038347871437482747,0.0007823401311295473,0.005040849285137511,0.009666284608810298,0.008796444488218058,0.0034841697504815077,0.003881712127219985,0.003367791430986282,0.009217956826157283,0,0,0,0,0,0,0,0,0,0,"cluster_1",0.13773469167874414
"Angola",0,0,0,0,0,0.0034111596175259375,0.00018263084538857116,0,0.0001922936048641125,0.0006851486363496917,0,0,0.0013118055877617814,0,0.00026690327281121283,0.00030608482723598444,0,0.000016790449592271917,0.000030240716100157252,0.000856318730845502,0,0,0,0,0,0,0,0,"cluster_1",0.1855240640417941
"Argentina",0.06509349205457915,0,0.0057362886037312195,0.014521452145214522,0.0017575043438317589,0.010949292140193358,0.006949584274522997,0.002813443918011092,0.013826825873562376,0.0448925748294798,0.008757538781300903,0.0010627939011067307,0,0,0.00002164080590361185,0,0,0,0,0.04054744306231596,0.0032105871067520213,0.03489696003643402,0.026599223825927703,0.000041257742273198454,0,0,0,0,"cluster_1",0.12319495581035018
"Armenia",0,0.034505476406159925,0.02883055143801914,0,0,0,0.0014850771375018023,0.007783693137621352,0.011079774375503625,0.026362883350888138,0.014403232115646218,0.015443167244573222,0.06482837210226783,0.010686233472040972,0.01717558628549994,0,0.02110395943046616,0.019907876399903737,0,0,0,0,0.006191950464396285,0.014254549955390066,0,0,0,0,"cluster_1",0.13233794935297102
"Australia",0.047068897748329494,0.010413781228242235,0.008490408820201559,0.056724422442244224,0.07621177927343173,0.03542833913642871,0.014192339116643438,0.03067007445271697,0.0019595634019485752,0.0016975324422992362,0.002323666956638506,0.0002493706360138698,0.011368981760602106,0.001594317090586758,0.00042560251610436635,0.00020869420038817122,0,0,0.06601548324664329,0.04382248662940929,0.11650124312366633,0.07497438232950017,0.0223782322417477,0.0030272868392959367,0.09373195175811108,0.09093596230417471,0.1167291822955739,0,"cluster_1",0.017439699048295763
"Austria",0.0277107080689539,0,0,0.036489273927392735,0.0619520281200695,0.017904169391470333,0.0015043014370163888,0.0012021537746618313,0,0,0,0,0,0.001809765346071455,0,0,0.0005721344515961252,0.0009178779110441981,0.035850368936736425,0.031323237786190734,0.02683972514242086,0.16930433792553798,0.00228491693193215,0,0.02029896381858332,0.04207744336063151,0.02565641410352588,0,"cluster_1",0.07571049594162448
"Azerbaijan",0,0,0.00034207225618580663,0,0.0009586387329991411,0.0017939518195797027,0.0044648435622627,0.002535635272606047,0.0030675408394989375,0.0010328360040495353,0,0,0,0,0.0017529052781925598,0.02276853726234948,0.0006241466744685002,0.0007163925159369352,0,0,0,0,0,0.0009540852900677142,0,0,0,0,"cluster_1",0.17964530894605138
"Bahrain",0,0,0,0,0,0.00016790682055179483,0,0,0,0,0,0,0,0,0,0,0,0,0,0,0,0,0,0,0,0,0,0,"cluster_1",0.18694743433322317
"Bangladesh",0.005530911336964456,0.007771031570751574,0.006315180114199508,0.0003094059405940594,0.0002796029637914162,0.00005302320649004048,0,0.007692773944579701,0.05559116548238224,0.009070549857345919,0.02097722456080943,0.004714292499881252,0.0020869634350755614,0,0,0.010566883012987737,0,0.0034476389829465,0,0.0037107145003305087,0,0.00009488026111047858,0,0.0013976060195045976,0.000016986580601324952,0,0,0,"cluster_1",0.1546819076674231
"Barbados",0.000042113538098714134,0,0,0,0,0,0,0,0,0,0,0,0,0,0,0,0,0,0,0.00025539330569076374,0,0,0,0,0,0,0,0,"cluster_1",0.1869176066114141
"Belarus",0,0.0029721575468096098,0.008692143740516266,0.0029290429042904288,0,0,0.003186427644542702,0.007303841841012638,0.009724562303127975,0.0005828876458497378,0.01016458334549658,0.012266660333444165,0.00587662402194293,0.027183414177726344,0.031783130270437936,0.002699111658353681,0,0,0,0,0,0,0,0.004595081045677478,0,0,0,0,"cluster_1",0.16366272863633585
"Belgium",0,1,1,0.09449257425742574,0.13772443130754328,0.6016985100478977,1,1,0.8542780748663101,1,0.9999999999999999,1,1,1,1,1,1,1,0,0,0,0.33014535656002125,1,1,0,0,0,0,"cluster_2",-2.988603007430034
"Belgium-Luxembourg",0.07594474703801449,0,0,0,0,0,0,0,0,0,0,0,0,0,0,0,0,0,0.15776581589452038,0.10697974881317228,0.11025625966602064,0,0,0,0.2239001189060642,0.2012066837062925,0.21416782767120351,0,"cluster_1",0.017291066488811794
"Benin",0,0,0,0,0,0,0,0,0,0,0,0,0,0,0.00040396171020075453,0.00036869308735243585,0,0,0,0,0,0,0,0,0,0.0027993670996122617,0.0009216589861751152,0,"cluster_1",0.1863153505359737
"Bhutan",0,0,0,0,0,0,0,0,0,0,0.0002919179593766968,0,0,0,0,0,0,0,0,0,0,0,0,0,0,0,0,0,"cluster_1",0.1869285963805288
"Bolivia (Plurinational State of)",0.000014037846032904711,0,0,0,0,0.00003534880432669365,0,0,0,0,0,0,0,0,0,0,0,0,0,0,0,0,0,0,0,0,0,0,"cluster_1",0.18697120320917246
"Bosnia and Herzegovina",0.015357403559997753,0,0.003473349062809729,0,0,0,0,0.01008697936134318,0.01984286865431104,0,0.00033862483287696823,0.00030874459696955307,0,0,0,0,0,0,0,0.009840153836908838,0,0,0.007918719748833559,0.001970057193545226,0,0,0,0,"cluster_1",0.1713833002822375
"Botswana",0.011019709135830199,0.0090137976986367,0.014077589004569735,0.011613036303630362,0.013420942261987976,0.00896092189681684,0.007194694093333975,0.01240036771762519,0.027049300417551825,0.06684800948981992,0.018700264477671195,0.02602954448297155,0.01636444344329091,0.00937507694580553,0.010596781290801936,0.006267782484991409,0.006247968272544048,0.006346789945878784,0.008331317285593323,0.01604470885163151,0.008985728548775475,0.013397092868799575,0.014677538917716828,0.011320093036208826,0.040139289960930864,0.009024046737259402,0.007994855856821349,0,"cluster_1",0.10514938750370667
"Brazil",0.02536638778145881,0.040247654840424335,0.0015524817780740456,0.023184818481848186,0.07750993589103473,0.013379522437653547,0.015038208295285242,0.00007576599420137592,0.025108050692256977,0.032754195257135264,0.018688587759296126,0.005017099700755237,0.007658824542689996,0.004075049860881984,0.00714146594819191,0.0034295413597122803,0.005714842988102204,0.04087914794065136,0,0.001547382969773451,0,0.028729743064252914,0.025404439018008984,0.004316591285333389,0.00015287922541192456,0,0,0,"cluster_1",0.10201069825885685
"Brunei Darussalam",0,0,0,0,0,0,0,0,0,0,0,0,0,0,0,0,0,0,0,0,0,0,0.004133781014258929,0,0,0,0,0,"cluster_1",0.18613504947971174
"Bulgaria",0.003144477511370655,0.0021037185658778347,0.004482023664383262,0.015655940594059406,0.0024565117533102993,0.002553951112603616,0.007521507185081944,0.04435846407176555,0.06772397626547505,0.08686048533066092,0.012721784669636445,0.004358048734147153,0.007168553767465896,0.0006709674242237708,0.001110894703052075,0.0038608427071811675,0.013302125999609908,0.029590368998113875,0,0.002989603990144823,0,0.00278947967664807,0.005189028910303929,0.0004125774227319845,0,0,0,0,"cluster_1",0.11286824349601661
"Burkina Faso",0,0,0,0,0,0,0,0,0,0,0,0,0,0,0,0,0,0,0,0.0010065500871341865,0,0,0,0,0,0,0,0,"cluster_1",0.18676227611585594
"Burundi",0,0.006341101869389772,0.0064555174500706075,0,0,0,0.020815110299418467,0.003151865358777238,0,0,0.003339541455269411,0.0012646653683560539,0.01620543670538039,0.045878167089355625,0.023689468862487104,0.00006956473346272374,0.00018854430791235942,0,0,0,0.049137644133826666,0,0.003680286050669341,0,0.008765075590283675,0.008537200285152922,0.05909334476476262,0,"cluster_1",0.14645241212834587
"Cabo Verde",0,0,0,0,0,0,0,0,0,0,0.00004086851431273755,0,0,0,0,0,0,0,0,0,0,0,0,0,0,0,0,0,"cluster_1",0.18697350724439663
"Cambodia",0,0.006430940384658576,0.010130601433195044,0.0007632013201320132,0,0,0,0,0.0009431543476668376,0.01051242982339527,0.011443184007566512,0.004868664798366029,0.006194637497763967,0.0007386797330903898,0.0058646583998788115,0.008779069362995736,0.0038489044925557507,0.0058374796415798695,0,0,0,0.0017837489088769972,0,0.0017586112643950842,0,0,0,0,"cluster_1",0.1716830871428627
"Cameroon",0.004492110730529507,0,0,0.00008250825082508251,0,0.00037116244543028334,0,0,0.006757746685224525,0,0.0003503015512520361,0.0001721844867714815,0,0.00017235860438775762,0,0.00042434487412261484,0,0,0,0,0,0,0.00006104739894475211,0,0.005078987599796161,0.0021038721680315758,0.00010716964955524597,0,"cluster_1",0.18301577754292747
"Canada",0.02053736874613959,0.012510013251181002,0.01905956442799379,0.006662541254125413,0.0023566535519562223,0.006751621626398487,0.01128466381506224,0.024482518259604603,0.0113544795253095,0.025616378120238474,0.009458141883804975,0.025940483541538027,0.013277062615528332,0.005958683180262478,0.007105397938352557,0.0004104319274300701,0.0005526298680189845,0.0015783022616735602,0.013668803677271078,0.031758908719427915,0.005031224917288229,0.006319025389957873,0.06965508219596216,0.008937458419931616,0.007881773399014778,0.003060177698955019,0.03504447540456543,0,"cluster_1",0.1112237823146265
"Canton and Enderbury Islands",0.000042113538098714134,0,0,0,0,0,0,0,0,0,0,0,0,0,0,0,0,0,0,0,0,0,0,0,0,0,0,0,"cluster_1",0.18697305761723274
"Central African Republic",0,0,0,0,0,0,0.003335415965780747,0,0.0009797817009742876,0,0,0,0,0,0,0,0,0,0,0,0,0,0,0,0,0,0,0,"cluster_1",0.1861593215417742
"Chad",0,0,0,0,0,0,0,0,0.005063731594754962,0,0,0,0,0,0,0.000020869420038817123,0,0,0,0,0,0,0,0,0,0,0,0,"cluster_1",0.1855024621527959
"Chile",0,0,0,0,0,0.00220046306933668,0,0,0,0,0.00008757538781300903,0.0006828005509903577,0,0,0,0,0,0,0,0.0009614806802475812,0,0,0,0,0,0,0,0,"cluster_1",0.18621129449395235
"China, Hong Kong SAR",0.007355831321242069,0.0061539382959130955,0.042566068186403065,0.0012995049504950494,0.0020570789478939907,0.003225578394810796,0.0008410631037631567,0.003444827203022558,0.050005494102996116,0.044841444334229826,0,0.004589607181874318,0.009739162697019285,0.004647526654027036,0.0027411687477908345,0.001989551377033899,0.006358494246147845,0.000005596816530757306,0,0.012409110029445345,0,0.0040229230710842915,0.0012819953778397941,0.007447022480312321,0,0,0,0,"cluster_1",0.13632822622953525
"China, Macao SAR",0,0,0,0,0,0,0,0,0,0,0,0,0,0,0,0,0,0,0,0,0,0.0033587612433109417,0,0,0,0,0,0,"cluster_1",0.18599512020070966
"China, Taiwan Province of",0.1683558874726262,0.0015497143883868745,0.018585925919428828,0.01742986798679868,0.00001997164027081544,0.00401208929107973,0.008367376363723747,0.0049753002858903515,0.0023441506116768,0.011841822699894672,0.01323556027813943,0.0058542725502303715,0.005167718982091866,0.001662029399453377,0.010026906735340157,0.005335615056590911,0.008328457187439048,0.005887850990356686,0.06096528365791702,0.0028243494982272696,0.06800963176132026,0.0016319404911002316,0.007534993241180832,0.004249547454139441,0.009733310684559198,0.033644567315215694,0.09208016289786733,0,"cluster_1",0.08626656542696665
"China, mainland",0,0.23098979584197404,0.45971002797975635,0.03211633663366337,0.004094186255517165,0.0559748316513194,0.14752727447493633,0.24745678812797384,0.5246227382609332,0.6738487968994468,0.39311423917422245,0.32835581627321525,0.1948826331515798,0.20189963804693078,0.2903474792067923,0.148158969328909,0.34318314803978933,0.10343476630492576,0,0,0,0.0014421799688792744,0.17424671870230674,0.21155938794139337,0,0,0,0,"cluster_0",-0.7748351744184865
"Colombia",0,0,0.0005876625939602319,0,0,0.007944643772424398,0.00017301869563127794,0.004980351352170444,0,0.007567313296996595,0.005347937015781084,0.0002968698047784164,0,0,0.000865632236144474,0,0,0,0,0,0,0,0.0013081585488161165,0.0005415078673357297,0,0,0,0,"cluster_1",0.18069409507114956
"Comoros",0,0,0,0,0,0,0,0,0,0,0,0,0,0,0,0,0,0,0,0.001156781443422871,0,0.002315078371095677,0,0,0,0,0,0,"cluster_1",0.18605025013716736
"Congo",0.0007861193778426638,0.004491925763440216,0.00022804817079053775,0.00035066006600660066,0.0065506980088274646,0.004418600540836706,0,0.0002171958500439443,0.031142407149659365,0.0186626307662416,0.011881060946631558,0.000011874792191136656,0,0.0037241769876640487,0.022867118238149853,0.018539001467815876,0.052434822183213055,0.019745568720511773,0.00025704608685133665,0.00009013881377321073,0.003876196628883538,0.12463471099472466,0.013875201674442943,0.00021660314693429188,0,0.0001564863596056544,0,0,"cluster_1",0.10895604193183515
"Cook Islands",0,0,0,0.0038778877887788777,0,0,0,0,0,0,0,0,0,0,0,0,0,0,0,0,0,0,0,0,0,0,0,0,"cluster_1",0.18603739636343075
"Costa Rica",0.0011370655286652815,0,0,0.0027846534653465345,0.014099978031195701,0.005231623040350661,0.0017542173307060125,0.0029397205750133857,0.0089370742070178,0.006350407510047142,0.0011793485558818549,0,0,0,0,0,0,0,0,0,0,0.008823864283274507,0.004630881262809052,0,0,0,0,0,"cluster_1",0.1731153726201504
"Croatia",0.010065135605592678,0,0,0.02343234323432343,0.03053663797407681,0.015500450697255166,0.013048493295525545,0,0,0.0005317571505997607,0,0,0,0.0009972176396720262,0,0.019172040542326664,0.005519797152330798,0.000878700195328897,0,0.0371972838170783,0,0.08372234240388629,0.02040727336153142,0.0002836469781282394,0,0,0,0,"cluster_1",0.12656668280040279
"Cuba",0.001361671065191757,0,0,0,0,0,0,0,0,0,0.0008582388005674885,0,0,0,0,0,0,0,0,0,0,0,0,0,0,0,0,0,"cluster_1",0.18657635659097507
"Cyprus",0,0.0001721904875985416,0,0,0,0,0,0,0,0,0,0,0.005161093701345595,0,0,0.01066427363983555,0,0,0,0,0,0,0,0.001387291583936298,0.000016986580601324952,0,0,0,"cluster_1",0.18418043374201987
"Czechia",0.1561429614239991,0.01924041535340226,0.06823902956732246,0.02040016501650165,0.03035689321163947,0.01905300553208788,0.009698659105108857,0.01210235480709978,0.007819939931140576,0.020073832435140968,0.02247768287200565,0.037714339999050016,0.009480776747914694,0.006383424026789452,0.015025932899074494,0.05128312150871994,0.028944802028476692,0.07931808387389254,0,0.09000360555255092,0,0.06546738016623022,0.033715606331487374,0.05087595344063785,0,0,0,0,"cluster_1",0.020981456722461503
"Czechoslovakia",0,0,0,0,0,0,0,0,0,0,0,0,0,0,0,0,0,0,0.05648965767509375,0,0,0,0,0,0,0,0.0012646018647519022,0,"cluster_1",0.17666329589290738
"Côte d'Ivoire",0,0,0,0,0,0,0.0008602874032777432,0.00008586812676155938,0.019101164749835177,0,0,0,0,0.00002462265776967966,0,0,0,0,0.00025704608685133665,0,0,0.00018976052222095715,0,0,0.0009342619330728724,0.0006085580651331003,0.00019290536919944272,0,"cluster_1",0.180934876182914
"Democratic People's Republic of Korea",0,0,0,0,0,0,0.005113663670879992,0.016390710078897655,0,0.01655605436194255,0.021654474226563365,0.0005106160642188762,0.0003378893180598528,0,0,0,0,0,0,0,0,0,0,0.001387291583936298,0,0,0,0,"cluster_1",0.17413960033028328
"Democratic Republic of the Congo",0.00046324891908585547,0.0009507909532615123,0.0027892045504381156,0,0.011643466277885402,0.000008837201081673412,0.007420579612630365,0.0008233238036549517,0.023450662955094865,0.000040904396199981596,0.0006772496657539365,0.00016624709067591318,0.00041076740626884065,0.014890552286213775,0.004854754124376925,0.0034921496198287317,0.010317924712307393,0.05507267466265189,0.015498367001330593,0.0029144883120004804,0.018656643370333393,0.0001138563133325743,0.059582261370078056,0.002537351149801705,0.08320027178528962,0.07005372698346461,0.20898081663272963,0,"cluster_1",0.0902116955811321
"Denmark",0.03567016676961087,0.02575370771039057,0.04163633333625703,0.039335808580858084,0.03393181682011544,0.28011276268580215,0.024986783294083725,0.05848629645718211,0.04425499963372646,0.03680373048093344,0.02823430503091411,0.026546097943285996,0.019776463027620796,0.04686922906458523,0.039725306037063486,0.05043443176047471,0.024634289057928613,0.036049095274607805,0.07422583766783598,0.040847905774893334,0.06924296705232866,0.07210899844396372,0.017852003662843938,0.04121648453092526,0.03844063190079837,0.04359014483681951,0.061558246704533276,0,"cluster_1",-0.07110829631693907
"Djibouti",0,0,0,0,0,0,0,0,0.00347959856420775,0,0,0,0,0,0,0,0,0,0,0,0,0,0,0,0,0,0,0,"cluster_1",0.1859672530338429
"Dominica",0,0,0,0.0009488448844884489,0,0.002571625514766963,0,0,0,0,0.00021018093075122167,0.00177528143257493,0,0,0,0.01919290996236548,0,0,0,0,0,0,0.001691885056468844,0,0,0,0,0,"cluster_1",0.18249249761351508
"Dominican Republic",0.0010107249143691392,0.03606267733748587,0,0.0005569306930693069,0,0,0.0007112990820396983,0.002353796886522745,0.0041388909237418505,0.0012680362821994294,0.0005254523268780542,0,0.03082080603165559,0.006161820106862335,0.05030766012392968,0.03717539356247957,0.01637734867693908,0,0,0,0,0.004762989107746024,0,0.011691412716667612,0,0,0,0,"cluster_1",0.15144549780954225
"Ecuador",0.0002947947666909989,0,0,0.0007219471947194719,0.0006990074094785405,0,0,0.004359070199719161,0.00216101384513955,0.00035791346674983893,0.000636381151441199,0,0,0,0,0,0,0,0,0.001487290427257977,0,0,0.001613395543539877,0,0,0,0,0,"cluster_1",0.1842073056561186
"Egypt",0.09965466898759054,0.3491723626780861,0.49769759058336477,0.9935849834983498,0.45481416388728,0.17997843722936072,0.35148748017494114,0.7422036791966785,0.5765511684125705,0.08633895427911115,0.3500621785253472,0.1538319954400798,0.4354002000834785,0.19555314800679585,0.29137181068622997,0.18532740641804232,0.04505558806319485,0.2648245677858434,0.05509858473448651,0.08545159545700377,0.010610598852802413,0.43643022505597934,0.22040727336153143,0.2527965013434552,0.06995073891625615,0.027159077078225794,0.024799056907083915,0,"cluster_2",-1.3481241823773868
"Eritrea",0,0,0,0,0,0,0,0,0.002325836935023075,0,0,0,0,0,0,0,0,0,0,0,0,0,0,0,0,0,0,0,"cluster_1",0.18630332994294396
"Estonia",0,0,0,0.0001443894389438944,0,0,0,0,0,0,0,0,0,0,0,0,0,0,0,0,0,0,0,0,0,0,0,0,"cluster_1",0.18694569090215885
"Eswatini",0,0.001152927612616322,0.00781503539132189,0,0,0.0006716272822071793,0.04980535396741482,0.018734404832860218,0.040070324518350305,0.01579932303224289,0.0012318937885696603,0.000011874792191136656,0.00017888258014933382,0.0007263684042055499,0.00772576770758943,0.0017391183365680935,0,0,0.005745736059029878,0,0,0,0.025875376095582787,0,0,0.0021908090344791614,0,0,"cluster_1",0.1485181635250615
"Ethiopia",0,0,0.0009209637666540948,0,0,0,0.000014418224635939829,0,0,0,0.000017515077562601806,0.0002968698047784164,0,0.000030778322212099574,0.000007213601967870617,0,0,0,0,0.0005408328826392644,0,0,0,0.0000773582667622471,0,0,0,0,"cluster_1",0.1865912325047357
"Ethiopia PDR",0,0,0,0,0,0,0,0,0,0,0,0,0,0,0,0,0,0,0,0,0,0,0,0,0.00016986580601324953,0,0,0,"cluster_1",0.18696164254284675
"Fiji",0.0007440058397439497,0.001115494897920987,0.0003771565901535817,0.0018976897689768977,0.0018373909049150207,0.0007865108962689338,0.0004998317873792474,0.0009950600571780703,0.0018405245036993627,0.0005726615467997423,0.000449553657440113,0.0006946753431814944,0.0007354061628361501,0.00047398616206633347,0.0007285737987549323,0,0.000786684870944672,0.0005652784696064878,0,0.0009164112733609758,0,0.00185965311776538,0.00040988967862904985,0.0004589923827893328,0,0,0,0,"cluster_1",0.18296873485454243
"Finland",0.012999045426469761,0,0.01712115497627422,0.004311056105610561,0.0028359729184557927,0.0015376729882111738,0.002994184649396838,0.007808948469021811,0.004257929821991063,0.009408011125995767,0.01734576514616332,0,0,0,0.0017601188801604304,0.0014817288227560157,0.07921461543462714,0,0.009616547719850007,0.010185685956372814,0.01358626495174331,0.008083798246612775,0.002223869532987398,0,0.018787158145065395,0.007789543233703685,0.018797556531990143,0,"cluster_1",0.14224996501371262
"France",0.12000954573530237,0.006550725071683648,0.019655998105445965,0.1304661716171617,0.10782688582213257,0.08583573410629386,0.025145383765079063,0.05253614037923406,0.09293275217932752,0.07192015461861764,0.032467115441876214,0.0017634066403837934,0.029522251005386354,0.0031640115234038363,0.003556305770160214,0.0028104152318940393,0.0011312658474741564,0.001136153755743733,0.18770412483367607,0.1416381227089718,0.17243201973336467,0.3653079813275646,0.0690097239785462,0.006745640861667948,0.136487175131646,0.14382835185088588,0.2057014253563391,0,"cluster_1",-0.26735448439026077
"Gabon",0.0007720815318097591,0,0,0,0.0007988656108326176,0.0007423248908605667,0.0001393761714807517,0,0.00033880301809391253,0,0,0,0,0,0,0,0,0,0.002676303374863917,0.0016675680548043986,0.0037000058730251952,0,0.00027035276675533074,0,0.006285034822490232,0.00226035852763723,0,0,"cluster_1",0.18394056988379648
"Gambia",0.003734067044752653,0,0,0.013655115511551155,0.0014379580994987118,0.0002739532335318758,0.002696208006920748,0,0,0.000040904396199981596,0,0,0,0,0,0,0,0,0.008663965162695053,0.010005408328826392,0.02550850609815783,0.0006262097233291586,0,0,0.0055036521148292845,0.021403856519395616,0.017661558246704533,0,"cluster_1",0.1680575492102228
"Georgia",0,0.0004491925763440216,0.00009648191841138136,0.001877062706270627,0,0,0.0012255490940548854,0.0010607239188192628,0.0076093326496227374,0.002055445909049075,0.005657370052720383,0.0003384315774473947,0.0003445145988061244,0.0027331150124344423,0.0048042589106018305,0.007464295900550258,0.0056498277095117354,0.003458832616008015,0,0,0,0.002277126266651486,0,0.0010778585168873095,0,0,0,0,"cluster_1",0.17752637984298708
"Germany",0.7880285249031388,0.29863071129644464,0.40753962336967486,0.9626031353135314,0.8664696131493279,0.44557167853797347,0.18320276829913013,0.46982493004273207,0.4196945278734158,0.44726912024869875,0.2747823751612847,0.3150144872464732,0.16239225637186375,0.11905055031640116,0.22208516378483267,0.19972034977147987,0.16229763994538718,0.18320059550127887,0.9171101971694691,0.8183402439757226,0,0.8049072071046339,0.31253651942615446,0.2564478115346333,0,0,0,0,"cluster_2",-1.920957722493795
"Ghana",0,0.000037432714695335137,0.000043855417459718804,0.000041254125412541255,0.00023965968324978528,0,0,0,0,0,0,0.00002374958438227331,0.00041076740626884065,0.001532760446162559,0.02352355601722608,0.0012660781490215721,0,0,0,0,0,0,0,0,0.0006454900628503482,0,0,0,"cluster_1",0.1822579426765173
"Greece",0.00920882699758549,0.015145276365732594,0.04947768197805475,0.0566006600660066,0.10349303988336561,0.03744322098305025,0.04695535156437738,0.05816807928153633,0.08840927404585744,0.07737066541226519,0.0703989350832842,0.028808245855697526,0.018312275982694765,0.028962401201585698,0.02129455300915406,0.03699452525547649,0.030999284831935505,0.06708903975418783,0.005261884601427362,0.052881437413616963,0.019048178383351932,0.10068693309043987,0.08441111062660794,0.029267210925050153,0.02738236792933582,0.03755672630535705,0.01956917800878791,0,"cluster_1",-0.06348323082517607
"Grenada",0,0,0,0,0,0.0002120928259601619,0,0,0,0,0,0,0,0,0,0,0,0,0,0,0,0,0,0,0,0,0,0,"cluster_1",0.1869386490747927
"Guatemala",0.0006457409175136167,0,0,0.0008044554455445544,0.0003794611651454934,0.011956733063504128,0.0018503388282789448,0.0015910858782288942,0.008158742949234488,0,0,0,0,0,0,0,0,0.000022387266123029223,0,0.001382128477855898,0,0.0029033359899806443,0.0038111019055509527,0,0,0,0,0,"cluster_1",0.1792695394226989
"Guinea",0.002288168903363468,0.0034737559237271003,0,0.0006806930693069306,0,0,0,0,0,0.0076900264855965395,0.009825958512619613,0.005533653161069681,0.0061615110940326095,0.004013493216457785,0.002308352629718597,0.0017460748099143658,0.0016123789090436253,0.00122570282023585,0,0.003094765939546902,0,0,0.0006715213883922732,0.0026714388121896,0,0.002590718620138056,0,0,"cluster_1",0.176830599780204
"Guinea-Bissau",0,0,0,0,0.0001398014818957081,0,0,0,0,0,0,0,0,0,0,0,0,0,0,0,0,0,0,0,0,0,0,0,"cluster_1",0.18695109671050483
"Haiti",0,0.0029646710038705427,0.0007893975142749384,0,0,0,0,0.002990231237814303,0.0008058017727639,0,0.0005020988901279184,0.003075571177504394,0.000702279759104792,0,0.0008007098184336384,0.0015373806095261948,0,0,0,0,0,0.0008728984022164029,0,0.001041757992398261,0,0,0,0,"cluster_1",0.18392123996727872
"Honduras",0,0,0,0,0,0,0.0031816215696640554,0.0013082261665437575,0,0.0012475840840994387,0,0.0021552747826913033,0,0,0,0,0,0,0,0,0,0,0,0,0,0,0,0,"cluster_1",0.18552515880965328
"Hungary",0.06502330282441462,0.0014523893301790032,0.0007016866793555009,0.03413778877887789,0.019971640270815442,0.0006274412767988123,0.0004229345893209016,0.000030306397680550367,0.0005951944912460626,0.0022906461871989693,0,0.0012052914074003706,0.0020670875928367463,0.00003693398665451949,0.0010387586833733688,0.0016625971297590974,0.0026916325336454067,0.006940052498139059,0.015120358050078627,0.05898083047893756,0.000959260781895421,0.03836957759307753,0.0008110583002659922,0.0012067889614910548,0,0,0,0,"cluster_1",0.1313936667145278
"Iceland",0,0,0,0.0010726072607260726,0.01735535539533862,0,0.0005767289854375932,0.0011819495095414642,0.0003021756647864625,0,0,0,0,0,0,0,0,0,0,0,0,0.00876693612660822,0,0,0,0,0,0,"cluster_1",0.1800317797313728
"India",0.007468134089505306,0.09867263593690341,0.4559647753286964,0.024690594059405938,0.02632262187693475,0.08714363986638152,0.1296438698514923,0.092565840648961,0.21773130173613653,0.16081563366022764,0,0.1513204768916544,0.09235641360302643,0.021415556595178884,0.5267949245096554,0.23928877016507713,0.2826994343670763,0.5359231669026658,0,0.005919115437774172,0,0.06751679380621656,0.02398290672829547,0.058333290356518464,0.012943774418209613,0.019386921217811628,0.0025935055192369523,0,"cluster_0",-0.4401658553251212
"Indonesia",0.00929305407378292,0.05075127458393537,0.07408934225644895,0.0010726072607260726,0.0035150086876635177,0.009429293554145532,0.012351612438121787,0.04453020032528867,0.060325250897370154,0.05391199419157574,0,0.04659668455802024,0.04028833221807774,0.029356363725900576,0.01838025781413433,0.05266050323128187,0.03750731421884143,0.07235564410963044,0.00004536107415023588,0.015729223003425274,0.0002936512597639044,0.0018786291699874759,0.017956656346749228,0.03819951212719762,0,0.00046945907881696313,0.0006858857571535741,0,"cluster_1",0.05425370603263062
"Iran (Islamic Republic of)",0.021267336739850637,0,0,0.0019389438943894389,0.0003994328054163088,0.0030665087753406744,0.020473878983034557,0.0012223580397821981,0.0046608307083730125,0,0,0.005023037096850805,0.00738718803209286,0.005583187649274863,0,0,0,0,0,0.005137912385073012,0,0.005275342517742609,0,0,0,0,0,0,"cluster_1",0.1715139119666548
"Iraq",0,0,0,0,0,0,0,0,0,0,0,0,0,0,0,0,0,0,0,0,0,0,0,0,0,0.00012171161302662008,0,0,"cluster_1",0.18696407578173865
"Ireland",0.0008422707619742826,0,0,0.07959983498349835,0.014179864592278964,0.04965623287792291,0.026942855769692894,0.07658426693875077,0.04486850780162625,0.008886480074446002,0,0.00017812188286704984,0.0006029005479107177,0,0.0003246120885541777,0,0,0,0.0057306157009798,0.000165254491917553,0.0001957675065092696,0.008823864283274507,0.04439018008982689,0.0009643997256360138,0.021555970783081364,0.009563055309234434,0.0016289786732397386,0,"cluster_1",0.10184103934339789
"Israel",0,0.003907975414192988,0.0013507468577593391,0,0.00021968804297896986,0.008351155022181376,0,0.001651698673589995,0.0012911142040876126,0,0,0.002499643756234266,0.002901872966866971,0.000430896510969394,0.00572759996248927,0.0032486730527091986,0.0020544828034588128,0.007650848197545236,0.003024071610015725,0.0002704164413196322,0.0008222235273389324,0,0.0013779270047529762,0.0029447713547495397,0.007117377271955155,0.016031158172934816,0.0026578073089701,0,"cluster_1",0.1748089032530365
"Italy",0.15636756696052556,0.22804009792398164,0.07389637841962618,0.06778052805280528,0.03199456771384634,0.01613672917513565,0.0141779208920075,0.021128610249623696,0.0290821185261153,0.06063054126742272,0,0.07311903291692395,0.03694919072195684,0.01305616428237264,0.026120452725659504,0.08091769796384025,0.057831090306221966,0.041741057686387986,0.00957118664569977,0.04823928850429661,0.007204244239541122,0.14002428934684427,0.004430296951990581,0.134087662387895,0.002768812638015967,0.00034774746579034307,0.003600900225056264,0,"cluster_1",-0.08488781653944016
"Japan",0.3386209220057274,0.01256241905175447,0.014200384173456948,0.4292285478547855,0.32364043058856423,0.0036232524434860994,0.004926226750612775,0.006192607259392458,0.009120210973555051,0.01411201668899365,0,0.00720799886001995,0.015370651331350165,0.009141161696993574,0.011404704711203445,0.012243393089439378,0.011839282231324362,0.012290609101543042,1,0.5651853854936602,0.6618116325052368,0.6449390868723671,0.002502943356734836,0.0036616246267463627,0.2533378630881603,0.451602246448629,0.7336619869253028,0,"cluster_2",-0.8759096619715898
"Jordan",0.05733056319838284,0.03643700448443922,0.02412047960284534,0.027784653465346535,0.0672644844321064,0,0,0,0.0021152296535052375,0.0018713761261491579,0,0.024022704602669455,0.028468831366729164,0.06731834634230419,0.04992533921963254,0.05902567634312109,0.0470450555880632,0.03906018256815524,0,0.018944174028003122,0,0,0.0005058213055422318,0.05767316648014729,0,0,0,0,"cluster_1",0.08120480466613847
"Kazakhstan",0,0.015309980310392069,0.0014121444422029454,0,0,0.013273476024673466,0.0013841495650502235,0,0.0057230239542890625,0.015768644735092905,0.0067841733759144325,0.001157792238635824,0.0001987584223881487,0.00576785758254746,0.006218124896304472,0.006692127359114024,0.002412066835706391,0.005971803238318045,0,0,0,0.0034346654521993244,0.018261893341472987,0.004244390236355291,0,0,0,0,"cluster_1",0.16411575179192475
"Kenya",0.05220674939637262,0.28064054861386656,0.12418100007893976,0.34042904290429044,0.11262007948712828,0.05128227787695081,0.05014658528379873,0.127312125589712,0.6419035235513881,0.26170632688748224,0.21228857841792143,0.07219873652211087,0.4393554926890027,0.2307697042818802,0.19979513370411248,0.4216318495175686,0.18567713412651973,0.13881224359584268,0.005851578565380429,0.044678805360254786,0.0007830700260370784,0.909579111161714,0.04377098504338726,0.08479497480699112,0.0003227450314251741,0.0012692782501347523,0.0012217340049298039,1,"cluster_0",-0.9709697018473641
"Kiribati",0,0,0,0,0,0.00370278725322116,0,0,0,0,0,0,0,0,0,0,0,0,0,0,0,0,0.0005232634195264466,0,0,0,0,0,"cluster_1",0.18613755431251605
"Kuwait",0,0.000014973085878134054,0,0,0,0,0,0.000333370374486054,0,0,0.0013836911274455427,0,0.00027826179134340814,0.000055400979981779236,0,0,0,0.000033580899184543833,0,0,0,0,0.00014825796886582654,0.0002784897603440896,0,0,0,0,"cluster_1",0.18653453681432317
"Kyrgyzstan",0,0,0,0,0,0,0,0,0.0005768808145923375,0,0,0,0,0,0,0,0,0,0,0,0,0,0,0,0,0,0,0,"cluster_1",0.1868127798607083
"Lao People's Democratic Republic",0,0.005480149431397063,0,0,0,0,0,0,0,0,0,0,0.004107674062688406,0.00046783049762391356,0,0,0,0,0,0,0,0,0,0.0036616246267463627,0,0,0,0,"cluster_1",0.1847062445253483
"Latvia",0,0,0,0,0.0034151504863094407,0.0006097668746354655,0,0.00015658305468284355,0,0,0,0,0,0,0,0,0,0,0,0,0,0.0009488026111047858,0,0,0,0,0,0,"cluster_1",0.1858226474115943
"Lebanon",0,0,0.0065958547859417075,0,0,0,0,0.007829152734142178,0,0,0,0.002944948463401891,0,0,0,0.006156478911451051,0.0020414797477407193,0.0002126790281687776,0,0,0,0,0,0.0003145902848331382,0,0,0.00503697352909656,0,"cluster_1",0.18123592350149165
"Lesotho",0,0,0,0,0,0.012513476731649553,0,0.0022426734283607272,0.016821112006446412,0,0,0,0,0,0,0.0024625915645804203,0.0005851375073142189,0,0,0.00015023135628868456,0.00001957675065092696,0,0.01602930275149348,0,0,0,0.0017575822527060338,0,"cluster_1",0.17504075819981096
"Liberia",0.0001403784603290471,0.0003743271469533513,0,0.0018151815181518152,0.00029957460406223165,0.0007158132876155464,0,0,0,0,0,0.0005581152329834228,0,0,0.00033903929248991897,0,0,0,0.00031752751905165117,0.003064719668289165,0.010865096611264462,0.00079699419332802,0.0002616317097632233,0,0.00349923560387294,0.0069201745692278275,0.009602400600150038,0,"cluster_1",0.1805660608830729
"Libya",0,0,0,0,0,0,0.005892247801220743,0,0,0,0,0,0,0,0,0,0,0,0,0,0,0,0,0,0.012400203838967215,0,0.0006215839674204265,0,"cluster_1",0.1845320385591238
"Lithuania",0,0.010653350602292378,0.02447132294252309,0,0,0.017356262924406583,0.031210650261931084,0.02464920344684763,0.052862427660977214,0.06657190481547004,0.0601642914275372,0.002499643756234266,0.0006757786361197056,0.006648117597813508,0.02329272075425422,0.028563279559794368,0.04229243872309993,0.048927370111880364,0,0,0,0.0028084557288701657,0.05714908646928008,0.012991031598273363,0,0,0,0,"cluster_1",0.08421074009995305
"Luxembourg",0,0.0015047951307524724,0.0017015901974370895,0,0,0.00704324926209371,0.0036430047580141302,0.0014648092212266011,0.010383854662662076,0,0.012540795534822893,0.0008965468104308175,0,0.004210474478615222,0.0023444206395579503,0,0.0007541772316494377,0.0006940052498139059,0,0,0,0.009791642946601389,0.01641302925914621,0,0,0,0,0,"cluster_1",0.17117944659282047
"Madagascar",0.00018249199842776124,0.006932538761576066,0.0004122409241213567,0,0.017774759841025743,0.020113469661888688,0,0.0051066280091727366,0,0.000664696438249701,0.00008757538781300903,0.00018405927896261818,0.0017689499592545234,0.000800236377514589,0.010214460386504793,0.005335615056590911,0.003257265457382485,0.000274244010007108,0,0,0,0.10639872480929068,0,0.0030015007503751876,0,0,0,0,"cluster_1",0.14129578817256655
"Malawi",0,0,0,0,0,0,0,0,0,0,0,0,0,0,0,0,0,0,0,0,0,0.00013283236555467,0,0,0,0,0,0,"cluster_1",0.186941835903949
"Malaysia",0.010626649446908866,0.002807453602150135,0.009674505091613968,0.015037128712871287,0.015737652533402566,0.02948974000954418,0.014793098476474264,0.015744173595045916,0.030235880155299977,0.016126558201842743,0.006264559408223912,0.007083313542013015,0.007089050398510636,0.006161820106862335,0.010243314794376275,0.0044034476281904125,0.008666536636109485,0.007953076290206132,0.0009374621991048749,0.007436452136289886,0.0006068792701787358,0.045163004288587806,0.030349278332533904,0.0028158409101457947,0,0,0.00017147143928839353,0,"cluster_1",0.11974396673678164
"Maldives",0,0,0,0.0001443894389438944,0,0,0,0,0,0,0,0,0,0,0,0.000006956473346272374,0,0,0,0,0,0,0,0,0,0,0,0,"cluster_1",0.18694457358539315
"Mali",0,0,0.0003596144231696942,0.004702970297029703,0.0014978730203111582,0,0,0,0,0,0.049042217175285056,0,0,0,0.0006059425653011318,0,0,0,0,0.0022234240730725314,0,0.0007590420888838286,0,0,0,0,0,0,"cluster_1",0.17585462127456614
"Malta",0.0001544163063619518,0.0007187081221504346,0,0,0,0,0,0,0,0,0,0,0,0.0002831605643513161,0.001183030722730781,0,0,0,0,0.0003755783907217114,0.0001957675065092696,0,0,0.00025270367142334055,0.0003227450314251741,0.00034774746579034307,0.00021433929911049193,0,"cluster_1",0.18630904252624828
"Mauritania",0.0014739738334549946,0.003099428776773749,0,0.0019389438943894389,0.0009386670927283258,0.0002120928259601619,0.000591147210073533,0.002767984321490267,0,0.00028633077339987117,0,0.0030696337814088257,0.0019345819779113139,0.004653682318469456,0.003498596954417249,0.007074733393159004,0.006969637864898251,0.003928965204591629,0,0,0,0.0007021139322175414,0.0005843108184711987,0.0002991186314806888,0,0,0,0,"cluster_1",0.17947165521431277
"Mauritius",0.001207254758829805,0.01599125571784717,0.006359035531659226,0.0022483498349834983,0.0014179864592278964,0.001882323830396437,0,0.00037882997100687957,0.030382389568529778,0.0021372547014490385,0.0009458141883804975,0.013697572792476133,0.0011660494113438058,0.0016866520572230567,0.0006347969731726143,0.0027756328651626773,0.004362525193420454,0,0.0015725172372081772,0.0007962261883300281,0.002075135568998258,0.004402444115526206,0.0009331530981554965,0.0065032516258129065,0.0007474095464582979,0.0029732408325074335,0.0012646018647519022,0,"cluster_1",0.16383244981126016
"Mexico",0,0,0,0.10664191419141913,0.04921012162728925,0.07385248943954471,0.022103138366895758,0.026331208518118175,0.004413596073547725,0.03605722525028378,0.01652839485990857,0.0005403030446967178,0,0.000018466993327259746,0.00002164080590361185,0,0.0009752291788570314,0.0033189122027390823,0,0,0.005579373935514184,0.046662112414133365,0.04745999215104871,0,0,0.004990176134091423,0,0,"cluster_1",0.08737067575123683
"Morocco",0.016171598629906227,0.016096067318994108,0.026348334809799055,0.009240924092409241,0.004593477262287551,0.009261386733593736,0.006401691738357284,0.004657083110244573,0.0223426855175445,0.0413338923600814,0.009580747426743188,0,0.019080808549262276,0.014724349346268437,0.01927474445815029,0.025043304046580547,0.03594694753267018,0.027222915605603533,0,0.033636800673036475,0,0.02417549053094994,0.027933545545720143,0.010268020608242265,0,0,0,0,"cluster_1",0.1052849635816002
"Mozambique",0.01040204391038239,0.06430940384658576,0.08185175114681917,0.4226897689768977,0.0697209961854167,0.04428321462026547,0.061512952371797956,0.11209831395407571,0.2532506776060362,0.11687408604239741,0.04311628259993811,0.08620505391155656,0.05848135314733962,0.03823283185187009,0.09499592431488815,0.08029161536267575,0.10856901371822378,0.06951246131200574,0.024827627918229105,0.008277747731506519,0.006303713709598481,0.04336027932748871,0.1293419962499455,0.06138636328473515,0.15383047392559876,0.02389025089979657,0.07756939234808702,0,"cluster_0",-0.2900691518524126
"Myanmar",0,0,0,0,0,0,0,0,0,0,0,0,0,0,0,0,0,0,0,0,0,0,0,0.0012119461792752047,0,0,0,0,"cluster_1",0.18681917743890056
"Namibia",0.004548262114661126,0,0.000438554174597188,0,0,0,0,0.0003182171756457788,0,0.0009305750135495813,0,0,0.00009275393044780272,0.002702336690222343,0,0,0,0.00007275861489984497,0,0.0020882158524127155,0,0,0,0,0,0.0006954949315806861,0,0,"cluster_1",0.18477707930831377
"Nauru",0,0,0,0,0,0,0,0,0,0,0,0,0,0,0,0,0,0,0,0,0,0,0.00019186325382636375,0,0,0,0,0,"cluster_1",0.18694156322162583
"Nepal",0,0.00026202900286734595,0,0,0,0,0,0,0,0,0,0,0,0,0.001839468501807007,0,0,0,0,0,0,0,0,0,0,0,0,0,"cluster_1",0.1866124314458306
"Netherlands (Kingdom of the)",0.6230417204784098,0.328269934792211,0.17956162124707267,0.2131394389438944,0.22436140680234068,0.2776471835840153,0.2504301437016389,0.3748497307781673,0.23555050912021097,0.46478642792134084,0.16907888207098276,0.16771362751151855,0.23917263494040558,0.177363159579445,0.16086332388351474,0.1342112402696329,0.04476952083739679,0.06528126801475322,0.5905255836458208,0.8040983113995552,0.4037313286740667,0.7653800903260086,0.4510792308027733,0.11660985131741128,0.2567861389502293,0.48371672491436724,0.5167077483656629,0,"cluster_2",-1.5344873960550731
"New Zealand",0.03750912459992139,0.03662416805791589,0.004885493505012674,0.031745049504950495,0.046533921830999976,0.00706976086533873,0.0024078435142019516,0.018542464314216734,0.022525822284081752,0.011586170223644787,0.005610663179220112,0.0036277490143922482,0.0026103606140310195,0,0,0.00020869420038817122,0.0002665626422209219,0,0.02597677513003508,0.027176852352623036,0.024960357079931873,0.030399635659797336,0.003523307024811407,0.0020371010247391737,0.018294547307626974,0.030497452749813088,0.020040724466830993,0,"cluster_1",0.10343641406087595
"Niger",0,0,0.0047100718351738,0.0009694719471947194,0,0.003101857579667368,0.008035757197097131,0.007293739708452455,0.0045601054867775255,0,0.00037949334718970576,0.00023155844772716479,0,0,0,0,0,0,0,0,0,0.005199438308854226,0.0012732743208476868,0,0,0,0,0,"cluster_1",0.17906330215883662
"Nigeria",0,0.0035186751813615024,0,0.0007219471947194719,0.0010584969343532184,0.0002739532335318758,0.000033642524150526267,0.00006061279536110073,0,0,0.0003152713961268325,0.0005403030446967178,0.00018550786089560544,0.0031517001945189963,0.0007213601967870617,0.008438202169028389,0.0008647032052532345,0.0005428912034834586,0.0006652957542034596,0,0.005168262171844717,0.0022201981099851985,0.003767496620590416,0.0006343377874504263,0,0,0.0018433179723502304,0,"cluster_1",0.18085592410890008
"North Macedonia",0.0053203436464708855,0,0,0,0,0,0,0,0,0,0,0,0,0,0.0011397491109235575,0.000688690861280965,0.0010207398738703596,0.0007051988828754205,0,0.006354786371011357,0,0,0,0,0,0,0,0,"cluster_1",0.18405525993943767
"Norway",0.0050255488797798864,0,0,0.0020833333333333333,0.0028759161989974236,0.0011399989395358703,0,0,0,0,0,0,0,0,0,0,0,0,0.022846861013668805,0.011913346553692685,0.017364577827372215,0.005427150935519375,0,0,0.014421606930524885,0.014361970337141169,0.02151966563069339,0,"cluster_1",0.16676349702863552
"Oman",0.0009966870683362345,0,0,0,0,0,0,0,0,0,0,0,0.0008149095317914097,0.0019205673060350135,0.0008223506243372503,0.0004034754540837977,0.002080488914895,0.0030334745596704597,0,0,0,0,0,0,0.000016986580601324952,0,0,0,"cluster_1",0.18542778041397467
"Pakistan",0.05462125891403223,0.022848929050032565,0.0008157107647507697,0.03104372937293729,0.02099019392462703,0.04379716856077343,0.03712692843754506,0.03592318338401237,0.013277415573950626,0.008119522645696346,0.01452583765858443,0.0005818648173656961,0.0027693673519415384,0.00006155664442419915,0.00002164080590361185,0.001968681956995082,0.025173915870229505,0.0157830226167356,0.030785048989960085,0.020596718947178655,0.05469744131868993,0.031519222740900986,0.027724240177909563,0.0007013816186443737,0.01618821131306268,0.05969085250291239,0.06672382381309613,0,"cluster_1",0.0686843848810073
"Panama",0.0024987365938570383,0,0,0,0,0,0,0,0,0,0,0,0,0,0,0,0,0,0,0.008157562646475571,0,0,0,0,0,0,0,0,"cluster_1",0.18474917987005143
"Papua New Guinea",0.004365770116233365,0,0,0.009694719471947194,0,0,0,0,0,0,0.00019850421237615378,0,0,0,0,0,0,0,0.0021319704850610863,0.02870921218676762,0.026232845872242127,0,0,0,0.007898759979616104,0.01582250969346061,0.014446468760047156,0,"cluster_1",0.16788365234213426
"Paraguay",0,0.00768119305548277,0,0,0,0,0.1674869034459557,0.012668074230470052,0.017370522306058164,0,0,0,0.025904847717922046,0.010520030532095635,0,0,0.000942721539561797,0.009839203461071344,0,0,0,0,0,0,0,0,0,0,"cluster_1",0.14354095044612217
"Peru",0.0011370655286652815,0,0,0,0,0,0,0,0,0,0,0,0,0,0,0,0,0,0,0.0021483083949281894,0,0,0,0,0.0019874299303550193,0,0,0,"cluster_1",0.18608048211768177
"Philippines",0.016297939244202368,0.006910079132758866,0.05723131978493304,0.1285684818481848,0.1273990932875317,0.01636649640325916,0.1289325707694526,0.10631989412965077,0.16386162185920444,0.14426980539733508,0.08640771597550224,0.04568826295539828,0.003928791482539072,0.0018590106616108142,0.0058430175939752,0.02356157522382453,0.01664391131916,0.006777744818747097,0.09433591387444056,0.04872002884442041,0,0.0943109795438157,0.07303885230889984,0.00454866608562013,0,0,0,0,"cluster_1",-0.1232583077800395
"Poland",0.10615419170082542,0.1442207631781872,0.1353904447816439,0.016357260726072607,0.037606598629945476,0.16700542604146415,0.0757677704618638,0.12971138207275557,0.1891161819646912,0.18036793504381884,0.18110590199730267,0.07127250273120221,0.06572941028376077,0.07878019353409008,0.12605048078657116,0.12724781045001426,0.1304011442689032,0.16376285168995877,0,0.12829757827053662,0,0.05343656305742153,0.2666288754197009,0.08455258557113608,0,0,0,0,"cluster_0",-0.33807786135161166
"Portugal",0.276812285922848,0.020805102827667267,0.19729675206778294,0.08428217821782177,0.08364122945417507,0.2550769720214214,0.13767001489883213,0.1400711190132237,0.22768478499743608,0.4660340120054403,0.1761199432511487,0.04522514605994395,0.011547864340751439,0.012766848053578904,0.021583097087868885,0.012744259170370989,0.10306872114947013,0.09314781752139384,0.03093625257046087,0.15147827654588064,0.027055069399581057,0.04506812402747733,0.296672916757511,0.03444505758033656,0.009784270426363172,0.027332950811120967,0.07454720823062909,0,"cluster_0",-0.4580324130080773
"Puerto Rico",0.004786905497220506,0,0,0,0,0,0,0,0,0,0,0,0,0,0,0,0,0,0,0.014332071389940507,0,0,0,0,0,0,0,0,"cluster_1",0.18298690566603695
"Qatar",0,0.0003593540610752173,0,0,0,0,0,0,0,0,0,0,0.0030145027395535886,0.0011141752640780047,0.00033182569052204834,0.00018086830700308172,0,0.000016790449592271917,0,0,0,0,0,0,0,0,0,0,"cluster_1",0.18616109689622817
"Republic of Korea",0,0.08307068045188773,0.11152432660006491,0.0002268976897689769,0,0.27064812032732993,0.05142980727639737,0.10712301366818536,0.20655080213903743,0.2901962388407694,0.0960001401206205,0.12613998005034913,0.10234733696840403,0.04842045650407505,0.08375713244894573,0.11528963276777206,0.13387296014563424,0.1053041030261987,0,0,0,0.024023682113173177,0.24597741246239044,0.03359927386373599,0,0,0,0,"cluster_0",-0.2669534266290571
"Republic of Moldova",0,0,0,0,0,0,0,0,0,0.00015339148574993098,0,0,0,0.0004124295176421343,0.000432816118072237,0.001154774575481214,0,0,0,0,0,0,0,0,0,0,0,0,"cluster_1",0.18662146232172733
"Romania",0,0.010645864059353312,0.012963661401092877,0,0.03439116454634419,0.06215203520740911,0.0031143365213630032,0.01812322581296912,0.009578052889898176,0.012383805949544427,0.03661818882421284,0.008383603286942478,0.011786374447617218,0.005964838844704897,0.003873704256746521,0.0028034587585477667,0.015389116442363956,0.049755698958432446,0,0,0,0.0003795210444419143,0.04779139231674879,0.0018204978778048819,0,0,0,0,"cluster_1",0.12062407659956027
"Russian Federation",0.006808355325958785,0.1615895427968227,0.3326696546824429,0.03065181518151815,0.16652353657805916,0.2631541738100709,0.17352333349353585,0.08482255604158039,0.28021756647864626,0.41938254813936127,0.15811444351679402,0.1974421697620292,0.21800486295606775,0.08685026961810258,0.15287786650508198,0.019985947923840532,0.008601521357519017,0.029942968439551583,0,0.0004356709332371852,0,0.1957949068275836,0.21818340382854404,0.09833782870816851,0,0,0,0,"cluster_0",-0.511683920756582
"Rwanda",0,0.011941035987811908,0.009341203918920104,0,0,0.001263719754679298,0.009645792281443745,0.0005606683570901818,0.0123067907113032,0.0008078618249496365,0.001080096449693778,0.0214458746971928,0.0658155389334623,0.07062393814788369,0.22114018192704163,0.05971436720440206,0.10529224367726416,0.005261007538911867,0.010720333857505746,0.007481521543176491,0.0015857168027250837,0,0.017485719269175425,0.003584266359984116,0.0008153558688635977,0.0003651348390798602,0.001993355481727575,0,"cluster_1",0.0793699375767262
"Saint Kitts and Nevis",0,0,0,0.004311056105610561,0,0,0,0,0,0,0,0.00037405595402080467,0,0,0,0,0,0,0,0,0,0,0,0,0,0,0,0,"cluster_1",0.1858730709717342
"Samoa",0,0,0,0,0,0,0,0,0,0,0,0,0,0,0,0,0,0,0,0.0005408328826392644,0,0,0.0005581476474948764,0,0,0,0,0,"cluster_1",0.18674919601985496
"Saudi Arabia",0,0.008474766607023874,0.0009034215996702073,0.0011757425742574257,0.0005791775678536478,0.002659997525583697,0.0018647570529148846,0.004394427663679803,0.005741337630942788,0.011872500997044658,0.0047816161745902926,0.0008668598299529759,0.009169388552839927,0.004924531553935932,0.0066942226261839325,0.013105995784377152,0,0.007382201004068886,0,0,0.00027407450911297744,0.0022391741622072945,0.0005668687044869838,0.0018720700556463798,0,0,0,0,"cluster_1",0.16957467580664326
"Senegal",0.0018389578303105172,0.007658733426665568,0.010095517099227269,0.000020627062706270627,0.0022368237103313295,0.00007953480973506072,0.0003364252415052627,0.012107405873379872,0.0018954655336605377,0.0035280041722484125,0.0033045113001442072,0.00550396618059184,0.002742866228956452,0.0019021003127077537,0.0052659294365455505,0.005467788050170086,0.003816396853260516,0.008322466181236114,0.0001663239385508649,0.0004657172044949221,0.00017619075585834264,0.002144293901096816,0.00015697902585793397,0.0031613745016838314,0.0040088330219126885,0.0005911706918435832,0.0022505626406601653,0,"cluster_1",0.17051101950662123
"Serbia",0,0.012277930420069924,0.009885011095420618,0,0,0.002182788667173333,0.0025856682847118758,0.010915354231278224,0.006244963738920225,0.045506140772479525,0.009685837892118798,0.0045005462404407925,0.003584276883732948,0.003693398665451949,0.016807692585138537,0.04639967721963673,0.04789025420973929,0.08975614670375491,0,0,0,0,0,0.009019973904478012,0,0,0,0,"cluster_1",0.130022229543037
"Serbia and Montenegro",0,0,0,0,0.00810848594995107,0,0,0,0,0,0,0,0,0,0,0,0,0,0,0,0,0,0,0,0,0,0,0,"cluster_1",0.185256965239526
"Seychelles",0.0005474759952832837,0.0010331429255912496,0.0007455420968152197,0,0.000858780531645064,0.00025627883136852895,0.0005863411351948864,0.0005101576942892645,0.000604351329572925,0.0007362791315996687,0.00040868514312737545,0.0006293639861302428,0.0009407898659705705,0.00003693398665451949,0.0009738362656625333,0.0008973850616691363,0.00042259931083804694,0.0003805835240914968,0.0008467400508044031,0,0.0007047630234333705,0.0005123534099965843,0,0.00039710576937953515,0.0011211143196874467,0,0.000664451827242525,0,"cluster_1",0.1842525067732605
"Sierra Leone",0.001600314447751137,0.00038181368989241836,0,0.0030321782178217823,0.002855944558726608,0.0009986037222290956,0,0,0.0000274705149805875,0,0,0.0020959008217356196,0.0016563201865679058,0.0012372885529264028,0.0028854407871482467,0.003624322613407907,0,0.0048076653999205255,0.0009525825571549535,0.001487290427257977,0.0017227540572815724,0.0025238149455387303,0.00027035276675533074,0.0005415078673357297,0.001019194836079497,0.0005911706918435832,0.004072446683099347,0,"cluster_1",0.18002662042863107
"Singapore",0.055744286596664604,0.07832421222851924,0.06044153634298445,0.02211221122112211,0.012861736334405145,0.03451810742501635,0.003907338876339693,0.009576821667053917,0.023789465973188775,0.04515845340477968,0.023896404154576396,0.030476654158552226,0.07573358421063092,0.06023317656907887,0.03702741890107988,0.028632844293257093,0.017365580911514206,0.00741578190325343,0.009752630942300715,0.010275824770146024,0.00785027701102171,0.009336217693271092,0.003767496620590416,0.021531384248825444,0.004892135213181586,0.008085128579625477,0.004115314542921445,0,"cluster_1",0.053165869594451756
"Slovakia",0,0,0,0.0002268976897689769,0,0,0,0,0,0,0,0,0,0,0,0.00041738840077634243,0,0,0,0,0,0,0,0,0,0,0,0,"cluster_1",0.18685857908873107
"Slovenia",0.012086585434330955,0,0,0,0,0,0,0,0,0.00023520027814989417,0,0,0,0,0,0,0,0,0,0.006550087134186647,0,0.004212683593305249,0,0,0,0,0,0,"cluster_1",0.18203213467513987
"Solomon Islands",0.0015441630636195182,0,0.0005788915104682882,0.0024546204620462045,0,0.003119531981830715,0,0,0.000567723976265475,0,0,0,0,0,0,0,0,0,0,0.007451475271918754,0,0,0,0,0,0,0,0,"cluster_1",0.18356735850495448
"Somalia",0,0,0,0,0,0,0,0,0.000347959856420775,0,0,0,0,0,0,0,0,0,0,0,0,0,0,0.00025786088920749036,0.013198573127229487,0,0,0,"cluster_1",0.185355112594879
"South Africa",0.3517463080464933,0.5936229627245027,0.5602880423818755,0.3563118811881188,0.5555710890535439,0.8894024284628573,0.44890661796510795,0.3627574781036277,0.6565910922276756,0.724631604781724,0.45802511662122475,0.3113392390633164,0.3667026640253881,0.2656476990126314,0.4137577816731228,0.3430376136513833,0.2810545478187374,0.31999798514604894,0.41245312689004476,0.4686617390781804,0.4530451635637517,1,0.42979113068503905,0.24879965756073913,0.2789196534737557,0.48475996731173826,0.6437252170185404,0.5875288683602772,"cluster_2",-2.365804427729819
"Spain",0.2023555505643214,0.027483099129315056,0.08238678723982774,0.08853135313531353,0.1535219987617583,0.08112550592976193,0.036535781227471524,0.06530523593530595,0.4869240348692403,0.06641851332972011,0.09149876518703183,0.03146226191041657,0.03698894240643447,0.1453106148277645,0.1338700253197429,0.014281639779897184,0.006794096612703986,0.006150901367302279,0.05818313777670255,0.09356408869659275,0.11334938626886709,0.20274014194087062,0.05475951685344264,0.025543699684893992,0.02288092406998471,0.037939248517726426,0.08003429428785769,0,"cluster_0",-0.3407544946918166
"Sri Lanka",0.0014178224493233758,0.0015047951307524724,0.0003859276736455254,0.0007219471947194719,0,0,0.00023549766905368386,0.0010253664548586208,0,0.0013907494707993742,0,0.005919583907281623,0.003882414517315171,0.000006155664442419915,0.004155034733493475,0,0,0.0002126790281687776,0,0.0010516194940207919,0.0002936512597639044,0,0.000008721056992107445,0.011402608520755224,0.00011890606420927466,0,0,0,"cluster_1",0.18140768627506212
"Sudan",0,0.013468290747381581,0.0094201436703476,0,0,0,0,0,0,0.04364499074538036,0,0.022360233695910323,0.015052637855529127,0.009966020732277842,0.042408765969111355,0.0008486897482452297,0.0037903907418243288,0,0,0,0,0,0,0.001444020979561946,0,0,0,0,"cluster_1",0.15497410359640515
"Sudan (former)",0,0,0,0,0,0,0,0,0.04046406856640539,0,0,0,0,0,0,0,0,0,0,0.0002403701700618953,0.0013899492962158142,0,0,0,0,0,0,0,"cluster_1",0.17493808131186675
"Suriname",0,0,0,0,0,0,0,0,0,0,0,0,0,0,0,0,0,0,0,0,0,0,0.0006017529324554137,0,0,0,0,0,"cluster_1",0.18685770006704627
"Sweden",0.01874052445392779,0.011544249212041354,0.06285358430326898,0.005816831683168317,0.00011982984162489264,0.04011205570971562,0,0.0010455707199789877,0,0.014439251858593502,0.05405736771737671,0.020394955588277208,0.06684908272988067,0.0027885159924162213,0.0015942060348994062,0.0001391294669254475,0,0.0019476921527035423,0.017343050683440185,0.04286100594916171,0.03451381139758423,0,0.0058431081847119875,0.021835660098090282,0.014778325123152709,0.02945421035244206,0.026878148108455686,0,"cluster_1",0.0971319747182296
"Switzerland",0.5606434948621484,0.03729795692243193,0.11251545903465456,0.4765882838283828,0.27554872081644066,0.08093992470704679,0.2523285432787043,0.08434775581125176,0.16887041242399822,0.14870793238503308,0.10042561638477122,0.05115066736332115,0.19003955292605523,0.16219560239332234,0.2612838768782416,0.08547418800564865,0.14315714192835316,0.04732108376755302,0.06598524253054312,0.6197644372333393,0.06646306845989702,0.248415499639455,0.3133824619543889,0.031871605906045805,0.07025649736708,0.025263853389668425,0.08730039652770336,0,"cluster_0",-0.7773741248338516
"Syrian Arab Republic",0,0,0,0,0,0,0,0.0001616341209629353,0,0,0,0,0,0,0,0,0,0,0,0,0,0,0,0,0,0,0,0,"cluster_1",0.18694733991778906
"Thailand",0,0.00010481160114693838,0.0007279999298313321,0,0,0,0.001908011726822704,0.003656971986786411,0.027223280345762213,0.0007669574287496549,0.0012377321477571944,0.0002493706360138698,0,0,0,0,0,0,0,0.00018027762754642147,0,0,0.0001395369118737191,0.002346534091788162,0,0,0,0,"cluster_1",0.17695938348106116
"Togo",0,0,0,0,0,0,0,0,0,0,0,0,0,0,0,0,0,0,0.00024192572880125802,0,0,0,0,0,0,0,0,0,"cluster_1",0.18693751971776446
"Tokelau",0.002582963670054467,0,0,0,0,0,0,0,0,0,0,0,0,0,0,0,0,0,0,0,0,0,0,0,0,0,0,0,"cluster_1",0.1865048288363242
"Trinidad and Tobago",0.0007861193778426638,0.00013475777290320647,0,0.00033003300330033004,0,0,0.0005430864612870668,0.0019396094515552235,0.000201450443190975,0,0,0,0,0,0,0,0,0,0,0.00031548584820623757,0,0,0,0,0,0,0,0,"cluster_1",0.18611413207631444
"Tunisia",0.01897916783648717,0.018566626488886226,0.01248125180903597,0.0026402640264026403,0,0.001325580162251012,0.011971932522708704,0,0.005118672624716138,0.015564122754092996,0.022436814357692913,0.014404122927848763,0.01342944407269258,0.007152882082091941,0.005626609534939081,0,0,0.0002966312761301372,0,0.009554714259960339,0,0.024611939732058143,0.00012209479788950422,0,0,0,0.001671846533061837,0,"cluster_1",0.14858549507161703
"Türkiye",0.20987983603795832,0.005719718805447208,0.03411074370016928,0.01476897689768977,0.024425316051207284,0.1513635801269022,0.08480319123371943,0.046146541534918026,0.10249249139257197,0.12190532677499515,0.06954653464190423,0.020080273595212084,0.021578539390606676,0.011954300347179475,0.05774488375280429,0.05807959596802805,0.07571029191860087,0.10655778992908833,0,0.042845982813532836,0,0.10985236631371209,0.15128417564208782,0.012191662841730143,0,0,0,0,"cluster_1",-0.1261178402156044
"Uganda",0,0.002792480516272001,0.007227372797361659,0.0006188118811881188,0,0.021341840612241293,0.0010813668476954872,0.000050510662800917275,0.019980221229213977,0.0009919316078495536,0.013971193535768707,0.00013656011019807154,0.0007619072858212366,0.000874104350823628,0.0015725652289957945,0.0009043415350154086,0.006143943826799298,0.0001007426975536315,0.00018144429660094352,0.003785830178474851,0,0.0011575391855478386,0.011302489861771247,0.001469807068482695,0,0,0,0,"cluster_1",0.1663495773425525
"Ukraine",0.024243360098826435,0.20508635727280214,0.1694485619808615,0.034735973597359734,0.02979768728405664,0.008739991869775005,0.04004421588888355,0.03501399145359586,0.07454582081898761,0.11882727096094653,0.0591659320064689,0.07559492708877595,0.15580672731006975,0.04400684509885997,0.09493100189717732,0.012723389750332173,0.0007086665366361095,0.00025745356041483605,0,0.002298539751216874,0,0.04947056814300353,0.09907992848733267,0.09534664239336163,0,0,0,0,"cluster_1",-0.098807968166144
"United Arab Emirates",0.0008843843000729967,0.1107559162405576,0.1831753076457535,0.0026196369636963695,0.0064508398074733875,0.007370225702115626,0.011231796991397126,0.00894543838204245,0.05892425463336019,0.32144719753755535,0.16711135502478383,0.10958058233980907,0.16596990797485042,0.08804446851993204,0.3285795696365066,0.13735556622214803,0.09120343280670958,0.1374354267292764,0,0.0007962261883300281,0,0.0026376712588713045,0.008642567479178477,0.06105114412876542,0,0,0,0,"cluster_0",-0.19588404378911314
"United Kingdom of Great Britain and Northern Ireland",0.46920096580380705,0.23076519955380204,0.555998982554315,0.9048679867986799,0.6940344710511074,0.4897930327506672,0.2324265872062287,0.36565679014840036,1,0.6958655881540868,0.32400558147138325,0.21402531705695152,0.182619238490231,0.17208159948784874,0.2023415351987708,0.22744885252972155,0.24825433976984593,0.20173725185114708,0.6212350308455304,0.6080914608497086,1,0.8618543398231432,0.6411808311167314,0.15453603090204895,0.9999999999999999,1,1,0,"cluster_2",-2.6155895852240585
"United Republic of Tanzania",0.04037284519063395,0.07872099900428979,0.06491478892387577,0.11239686468646864,0.062451319126839884,0.04472507467434914,0.036184937761330326,0.029846750649062018,0.22567028056552632,0.19430610804896256,0.10209538711240593,0.13374578444877216,0.17873019869216958,0.18816635067589196,0.4900849040951618,0.4854087971561937,0.6480462908783564,0.19311815439378083,0.010372565622353938,0.04197464094705847,0.0002936512597639044,0.00464913279441345,0.015096149653337986,0.07793587515407188,0.014931204348564632,0.0020169353015839896,0.012517415068052729,0.05727482678983834,"cluster_0",-0.4471004709246983
"United States of America",1,0.3504750211494838,0.3201533185394392,1,1,0.16663426359603387,0.2239727014946893,0.3899271636242411,0.556406124093473,0.6770904702982953,0.2948021088153385,0.33011328551750346,0.30940723613163107,0.2054268337724374,0.28498055934269656,0.3244081780300659,0.2610363435407321,0.17946751887526377,0.6829109713318011,0.9999999999999999,0.6203872281278754,0.8981934798284565,0.3372258317708106,0.16128682898150107,0.3570579242398505,0.4682941248065655,0.605679991426428,0,"cluster_2",-2.42420205802073
"Uruguay",0,0.007471569853188893,0.004166264658673286,0,0,0,0,0,0.001043879569262325,0.00884557567824602,0.0029133412345794334,0.0010212321284377524,0.007340811066868958,0,0,0.001168687522173759,0,0.0049028112809434,0,0,0,0,0,0.0031407456305472324,0,0,0,0,"cluster_1",0.17875357394315797
"Uzbekistan",0,0,0,0,0,0,0.0008650934781563897,0.0033589590762609987,0,0,0.0008640771597550223,0,0,0.00033856154433309534,0,0,0,0,0,0,0,0,0.002119216849082109,0,0,0,0,0,"cluster_1",0.18551046846017097
"Venezuela (Bolivarian Republic of)",0.00926497838171711,0,0,0,0,0,0,0.0006313832850114659,0,0,0,0,0,0,0,0,0,0,0,0,0,0,0,0,0,0,0,0,"cluster_1",0.1851426897593987
"Viet Nam",0,0.0032117269208597546,0.011560288042381876,0,0,0,0.0027538809054645074,0.008617119073836487,0.024045857446340926,0.04765362157297856,0.009230445875491152,0.005438654823540588,0.005565235826868163,0.018559328293896043,0.0409732591775051,0.011937308262203393,0.023652558351212535,0.028079228534809403,0,0,0,0,0,0.008421736641516634,0,0,0,0,"cluster_1",0.13799789836072993
"Yemen",0.0001544163063619518,0,0,0,0,0,0,0,0,0,0,0,0,0,0,0,0,0,0,0.00009013881377321073,0,0,0,0,0,0,0,0,"cluster_1",0.18693279147926634
"Zambia",0.006457409175136167,0.24713078241860256,0.03029532238117375,0.05220709570957095,0.03752671206886221,0.10692129588716662,0.06679482866343057,0.043494731737869864,0.10737308622078968,0.24809538905193837,0.05089881539692084,0.016595022087113477,0.0582759694442052,0.04843276783295989,0.048338346786701,0.030128486062705653,0.0300695663480918,0.02384803523755688,0.017781541066892465,0.06170001802776275,0.017619075585834264,0.08007894037724392,0.05597174377534558,0.031123809327344085,0.08403261423475454,0.005755220558830178,0.09328046297288609,0.0023094688221709007,"cluster_1",-0.16018117393135486
"Zimbabwe",0.14251221292604863,0.21574719441803358,0.40418906947575234,0.1022483498349835,0.09730183139941283,1,0.14850771375018024,0.3612017496893595,0.9634092740458574,0.35653294337808955,0.1826063603084989,0.1799268512801026,0.1318695879737904,0.19123187156821708,0.19549582693126158,0.14498681748300882,0.298199076783044,0.1975116553704253,0.0356538042820854,0.4546751998077038,0.06671756621835907,0.12017533872253217,0.1826363755287141,0.11548042062268248,0.07717003567181925,0.044268252395110674,0.11252813203300825,0.07297921478060046,"cluster_0",-1.169662218225719
